purl,ecosystem,name,registry,dependent_repos,dependent_packages,downloads,downloads_period,latest_release,latest_release_at,repository_url,stars,rust_loc,total_loc,bridge_tools,sibling_runtime,has_cargo_lock,cargo_toml_count,cargo_toml_paths,cargo_lock_paths,signals
pkg:npm/react,npm,react,npmjs.org,2830385,275174,642052442,last-month,19.2.8,2026-07-21T15:41:28.716Z,https://github.com/react/react,247323,65038,813965,napi-rs,0,1,14,compiler/Cargo.toml;compiler/crates/react_compiler/Cargo.toml;compiler/crates/react_compiler_ast/Cargo.toml;compiler/crates/react_compiler_diagnostics/Cargo.toml;compiler/crates/react_compiler_hir/Cargo.toml;compiler/crates/react_compiler_inference/Cargo.toml;compiler/crates/react_compiler_lowering/Cargo.toml;compiler/crates/react_compiler_optimization/Cargo.toml;compiler/crates/react_compiler_reactive_scopes/Cargo.toml;compiler/crates/react_compiler_ssa/Cargo.toml;compiler/crates/react_compiler_typeinference/Cargo.toml;compiler/crates/react_compiler_utils/Cargo.toml;compiler/crates/react_compiler_validation/Cargo.toml;compiler/packages/babel-plugin-react-compiler-rust/native/Cargo.toml,compiler/Cargo.lock,"brief:lang,brief:cargo,brief:bridge,cargo.toml,cargo.lock,rust_loc"
pkg:npm/react-dom,npm,react-dom,npmjs.org,2621774,211813,619036618,last-month,19.2.8,2026-07-21T15:41:41.267Z,https://github.com/react/react,247323,65038,813965,napi-rs,0,1,14,compiler/Cargo.toml;compiler/crates/react_compiler/Cargo.toml;compiler/crates/react_compiler_ast/Cargo.toml;compiler/crates/react_compiler_diagnostics/Cargo.toml;compiler/crates/react_compiler_hir/Cargo.toml;compiler/crates/react_compiler_inference/Cargo.toml;compiler/crates/react_compiler_lowering/Cargo.toml;compiler/crates/react_compiler_optimization/Cargo.toml;compiler/crates/react_compiler_reactive_scopes/Cargo.toml;compiler/crates/react_compiler_ssa/Cargo.toml;compiler/crates/react_compiler_typeinference/Cargo.toml;compiler/crates/react_compiler_utils/Cargo.toml;compiler/crates/react_compiler_validation/Cargo.toml;compiler/packages/babel-plugin-react-compiler-rust/native/Cargo.toml,compiler/Cargo.lock,"brief:lang,brief:cargo,brief:bridge,cargo.toml,cargo.lock,rust_loc"
pkg:npm/react-is,npm,react-is,npmjs.org,2549171,10364,1353741382,last-month,19.2.8,2026-07-21T15:42:03.130Z,https://github.com/react/react,247323,65038,813965,napi-rs,0,1,14,compiler/Cargo.toml;compiler/crates/react_compiler/Cargo.toml;compiler/crates/react_compiler_ast/Cargo.toml;compiler/crates/react_compiler_diagnostics/Cargo.toml;compiler/crates/react_compiler_hir/Cargo.toml;compiler/crates/react_compiler_inference/Cargo.toml;compiler/crates/react_compiler_lowering/Cargo.toml;compiler/crates/react_compiler_optimization/Cargo.toml;compiler/crates/react_compiler_reactive_scopes/Cargo.toml;compiler/crates/react_compiler_ssa/Cargo.toml;compiler/crates/react_compiler_typeinference/Cargo.toml;compiler/crates/react_compiler_utils/Cargo.toml;compiler/crates/react_compiler_validation/Cargo.toml;compiler/packages/babel-plugin-react-compiler-rust/native/Cargo.toml,compiler/Cargo.lock,"brief:lang,brief:cargo,brief:bridge,cargo.toml,cargo.lock,rust_loc"
pkg:npm/scheduler,npm,scheduler,npmjs.org,2143380,1394,646236844,last-month,0.27.0,2025-10-01T21:39:15.208Z,https://github.com/react/react,247323,65038,813965,napi-rs,0,1,14,compiler/Cargo.toml;compiler/crates/react_compiler/Cargo.toml;compiler/crates/react_compiler_ast/Cargo.toml;compiler/crates/react_compiler_diagnostics/Cargo.toml;compiler/crates/react_compiler_hir/Cargo.toml;compiler/crates/react_compiler_inference/Cargo.toml;compiler/crates/react_compiler_lowering/Cargo.toml;compiler/crates/react_compiler_optimization/Cargo.toml;compiler/crates/react_compiler_reactive_scopes/Cargo.toml;compiler/crates/react_compiler_ssa/Cargo.toml;compiler/crates/react_compiler_typeinference/Cargo.toml;compiler/crates/react_compiler_utils/Cargo.toml;compiler/crates/react_compiler_validation/Cargo.toml;compiler/packages/babel-plugin-react-compiler-rust/native/Cargo.toml,compiler/Cargo.lock,"brief:lang,brief:cargo,brief:bridge,cargo.toml,cargo.lock,rust_loc"
pkg:npm/eslint-plugin-react-hooks,npm,eslint-plugin-react-hooks,npmjs.org,1658186,41283,370200861,last-month,7.1.1,2026-04-17T18:03:19.591Z,https://github.com/react/react,247323,65038,813965,napi-rs,0,1,14,compiler/Cargo.toml;compiler/crates/react_compiler/Cargo.toml;compiler/crates/react_compiler_ast/Cargo.toml;compiler/crates/react_compiler_diagnostics/Cargo.toml;compiler/crates/react_compiler_hir/Cargo.toml;compiler/crates/react_compiler_inference/Cargo.toml;compiler/crates/react_compiler_lowering/Cargo.toml;compiler/crates/react_compiler_optimization/Cargo.toml;compiler/crates/react_compiler_reactive_scopes/Cargo.toml;compiler/crates/react_compiler_ssa/Cargo.toml;compiler/crates/react_compiler_typeinference/Cargo.toml;compiler/crates/react_compiler_utils/Cargo.toml;compiler/crates/react_compiler_validation/Cargo.toml;compiler/packages/babel-plugin-react-compiler-rust/native/Cargo.toml,compiler/Cargo.lock,"brief:lang,brief:cargo,brief:bridge,cargo.toml,cargo.lock,rust_loc"
pkg:npm/rollup,npm,rollup,npmjs.org,1133301,130345,484356218,last-month,4.62.4,2026-08-01T05:23:41.096Z,https://github.com/rollup/rollup,26301,5271,296802,napi-rs,0,1,5,rust/Cargo.toml;rust/bindings_napi/Cargo.toml;rust/bindings_wasm/Cargo.toml;rust/parse_ast/Cargo.toml;rust/xxhash/Cargo.toml,rust/Cargo.lock,"brief:lang,brief:cargo,brief:bridge,cargo.toml,cargo.lock,rust_loc"
pkg:npm/source-map,npm,source-map,npmjs.org,1103771,5880,1357382433,last-month,0.8.0,2026-07-20T05:45:25.965Z,https://github.com/mozilla/source-map,3722,1809,11602,"",0,0,2,wasm-mappings/Cargo.toml;wasm-mappings/source-map-mappings-wasm-api/Cargo.toml,"","brief:lang,brief:cargo,cargo.toml,rust_loc"
pkg:npm/tailwindcss,npm,tailwindcss,npmjs.org,1049673,11727,487735181,last-month,4.3.3,2026-07-16T12:03:35.267Z,https://github.com/tailwindlabs/tailwindcss,97229,18374,145750,napi-rs,0,1,6,Cargo.toml;crates/classification-macros/Cargo.toml;crates/ignore/Cargo.toml;crates/node/Cargo.toml;crates/oxide/Cargo.toml;crates/oxide/fuzz/Cargo.toml,Cargo.lock;crates/oxide/fuzz/Cargo.lock,"brief:lang,brief:cargo,brief:bridge,cargo.toml,cargo.lock,rust_loc"
pkg:npm/react-refresh,npm,react-refresh,npmjs.org,1010091,3414,316036625,last-month,0.18.0,2025-10-01T21:39:03.378Z,https://github.com/react/react,247323,65038,813965,napi-rs,0,1,14,compiler/Cargo.toml;compiler/crates/react_compiler/Cargo.toml;compiler/crates/react_compiler_ast/Cargo.toml;compiler/crates/react_compiler_diagnostics/Cargo.toml;compiler/crates/react_compiler_hir/Cargo.toml;compiler/crates/react_compiler_inference/Cargo.toml;compiler/crates/react_compiler_lowering/Cargo.toml;compiler/crates/react_compiler_optimization/Cargo.toml;compiler/crates/react_compiler_reactive_scopes/Cargo.toml;compiler/crates/react_compiler_ssa/Cargo.toml;compiler/crates/react_compiler_typeinference/Cargo.toml;compiler/crates/react_compiler_utils/Cargo.toml;compiler/crates/react_compiler_validation/Cargo.toml;compiler/packages/babel-plugin-react-compiler-rust/native/Cargo.toml,compiler/Cargo.lock,"brief:lang,brief:cargo,brief:bridge,cargo.toml,cargo.lock,rust_loc"
pkg:npm/bser,npm,bser,npmjs.org,992341,953,180893579,last-month,2.1.1,2019-10-22T16:20:14.968Z,https://github.com/facebook/watchman,13674,5645,67319,"",0,0,4,watchman/cli/Cargo.toml;watchman/rust/serde_bser/Cargo.toml;watchman/rust/watchman_client/Cargo.toml;watchman/thirdparty/deelevate_binding/Cargo.toml,"","brief:lang,brief:cargo,cargo.toml,rust_loc"
pkg:npm/fb-watchman,npm,fb-watchman,npmjs.org,992304,1100,186328805,last-month,2.0.2,2022-09-21T19:53:18.615Z,https://github.com/facebook/watchman,13674,5645,67319,"",0,0,4,watchman/cli/Cargo.toml;watchman/rust/serde_bser/Cargo.toml;watchman/rust/watchman_client/Cargo.toml;watchman/thirdparty/deelevate_binding/Cargo.toml,"","brief:lang,brief:cargo,cargo.toml,rust_loc"
pkg:npm/selenium-webdriver,npm,selenium-webdriver,npmjs.org,622782,2258,7816110,last-month,4.47.0,2026-08-10T17:58:53.750Z,https://github.com/seleniumhq/selenium,30616,9242,419542,"",1,1,1,rust/Cargo.toml,rust/Cargo.lock,"brief:lang,brief:cargo,cargo.toml,cargo.lock,rust_loc"
pkg:npm/create-react-class,npm,create-react-class,npmjs.org,448035,2180,8943190,last-month,15.7.0,2020-10-15T22:27:36.683Z,https://github.com/react/react,247323,65038,813965,napi-rs,0,1,14,compiler/Cargo.toml;compiler/crates/react_compiler/Cargo.toml;compiler/crates/react_compiler_ast/Cargo.toml;compiler/crates/react_compiler_diagnostics/Cargo.toml;compiler/crates/react_compiler_hir/Cargo.toml;compiler/crates/react_compiler_inference/Cargo.toml;compiler/crates/react_compiler_lowering/Cargo.toml;compiler/crates/react_compiler_optimization/Cargo.toml;compiler/crates/react_compiler_reactive_scopes/Cargo.toml;compiler/crates/react_compiler_ssa/Cargo.toml;compiler/crates/react_compiler_typeinference/Cargo.toml;compiler/crates/react_compiler_utils/Cargo.toml;compiler/crates/react_compiler_validation/Cargo.toml;compiler/packages/babel-plugin-react-compiler-rust/native/Cargo.toml,compiler/Cargo.lock,"brief:lang,brief:cargo,brief:bridge,cargo.toml,cargo.lock,rust_loc"
pkg:npm/react-test-renderer,npm,react-test-renderer,npmjs.org,398011,33120,34202213,last-month,19.2.8,2026-07-21T15:42:09.248Z,https://github.com/react/react,247323,65038,813965,napi-rs,0,1,14,compiler/Cargo.toml;compiler/crates/react_compiler/Cargo.toml;compiler/crates/react_compiler_ast/Cargo.toml;compiler/crates/react_compiler_diagnostics/Cargo.toml;compiler/crates/react_compiler_hir/Cargo.toml;compiler/crates/react_compiler_inference/Cargo.toml;compiler/crates/react_compiler_lowering/Cargo.toml;compiler/crates/react_compiler_optimization/Cargo.toml;compiler/crates/react_compiler_reactive_scopes/Cargo.toml;compiler/crates/react_compiler_ssa/Cargo.toml;compiler/crates/react_compiler_typeinference/Cargo.toml;compiler/crates/react_compiler_utils/Cargo.toml;compiler/crates/react_compiler_validation/Cargo.toml;compiler/packages/babel-plugin-react-compiler-rust/native/Cargo.toml,compiler/Cargo.lock,"brief:lang,brief:cargo,brief:bridge,cargo.toml,cargo.lock,rust_loc"
pkg:npm/%40swc/helpers,npm,@swc/helpers,npmjs.org,360974,1732,334115764,last-month,0.5.23,2026-05-27T06:48:57.046Z,https://github.com/swc-project/swc,29915,715139,7693977,napi-rs,0,1,134,Cargo.toml;bindings/binding_core_node/Cargo.toml;bindings/binding_core_wasm/Cargo.toml;bindings/binding_es_ast_viewer/Cargo.toml;bindings/binding_html_node/Cargo.toml;bindings/binding_html_wasm/Cargo.toml;bindings/binding_minifier_node/Cargo.toml;bindings/binding_minifier_wasm/Cargo.toml;bindings/binding_nodejs_support_wasm/Cargo.toml;bindings/binding_react_compiler_node/Cargo.toml;bindings/binding_typescript_wasm/Cargo.toml;bindings/swc_cli/Cargo.toml;crates/ast_node/Cargo.toml;crates/better_scoped_tls/Cargo.toml;crates/binding_macros/Cargo.toml;crates/dbg-swc/Cargo.toml;crates/from_variant/Cargo.toml;crates/hstr/Cargo.toml;crates/jsdoc/Cargo.toml;crates/preset_env_base/Cargo.toml;crates/string_enum/Cargo.toml;crates/swc-ast-explorer/Cargo.toml;crates/swc/Cargo.toml;crates/swc_allocator/Cargo.toml;crates/swc_arena/Cargo.toml;crates/swc_atoms/Cargo.toml;crates/swc_bundler/Cargo.toml;crates/swc_cli_impl/Cargo.toml;crates/swc_common/Cargo.toml;crates/swc_compiler_base/Cargo.toml;crates/swc_config/Cargo.toml;crates/swc_config_macro/Cargo.toml;crates/swc_core/Cargo.toml;crates/swc_css/Cargo.toml;crates/swc_css_ast/Cargo.toml;crates/swc_css_codegen/Cargo.toml;crates/swc_css_codegen_macros/Cargo.toml;crates/swc_css_compat/Cargo.toml;crates/swc_css_lints/Cargo.toml;crates/swc_css_minifier/Cargo.toml;crates/swc_css_modules/Cargo.toml;crates/swc_css_parser/Cargo.toml;crates/swc_css_prefixer/Cargo.toml;crates/swc_css_utils/Cargo.toml;crates/swc_css_visit/Cargo.toml;crates/swc_ecma_ast/Cargo.toml;crates/swc_ecma_codegen/Cargo.toml;crates/swc_ecma_codegen_macros/Cargo.toml;crates/swc_ecma_compat_bugfixes/Cargo.toml;crates/swc_ecma_compat_common/Cargo.toml;crates/swc_ecma_compat_es2015/Cargo.toml;crates/swc_ecma_compat_es2016/Cargo.toml;crates/swc_ecma_compat_es2017/Cargo.toml;crates/swc_ecma_compat_es2018/Cargo.toml;crates/swc_ecma_compat_es2019/Cargo.toml;crates/swc_ecma_compat_es2020/Cargo.toml;crates/swc_ecma_compat_es2021/Cargo.toml;crates/swc_ecma_compat_es2022/Cargo.toml;crates/swc_ecma_compat_es3/Cargo.toml;crates/swc_ecma_compat_regexp/Cargo.toml;crates/swc_ecma_ext_transforms/Cargo.toml;crates/swc_ecma_hooks/Cargo.toml;crates/swc_ecma_lexer/Cargo.toml;crates/swc_ecma_lints/Cargo.toml;crates/swc_ecma_loader/Cargo.toml;crates/swc_ecma_minifier/Cargo.toml;crates/swc_ecma_minifier/fuzz/Cargo.toml;crates/swc_ecma_parser/Cargo.toml;crates/swc_ecma_preset_env/Cargo.toml;crates/swc_ecma_quote/Cargo.toml;crates/swc_ecma_quote_macros/Cargo.toml;crates/swc_ecma_react_compiler/Cargo.toml;crates/swc_ecma_regexp/Cargo.toml;crates/swc_ecma_regexp_ast/Cargo.toml;crates/swc_ecma_regexp_common/Cargo.toml;crates/swc_ecma_regexp_visit/Cargo.toml;crates/swc_ecma_testing/Cargo.toml;crates/swc_ecma_transformer/Cargo.toml;crates/swc_ecma_transforms/Cargo.toml;crates/swc_ecma_transforms_base/Cargo.toml;crates/swc_ecma_transforms_classes/Cargo.toml;crates/swc_ecma_transforms_compat/Cargo.toml;crates/swc_ecma_transforms_macros/Cargo.toml;crates/swc_ecma_transforms_module/Cargo.toml;crates/swc_ecma_transforms_optimization/Cargo.toml;crates/swc_ecma_transforms_proposal/Cargo.toml;crates/swc_ecma_transforms_react/Cargo.toml;crates/swc_ecma_transforms_testing/Cargo.toml;crates/swc_ecma_transforms_typescript/Cargo.toml;crates/swc_ecma_utils/Cargo.toml;crates/swc_ecma_visit/Cargo.toml;crates/swc_ecmascript/Cargo.toml;crates/swc_eq_ignore_macros/Cargo.toml;crates/swc_error_reporters/Cargo.toml;crates/swc_estree_ast/Cargo.toml;crates/swc_estree_compat/Cargo.toml;crates/swc_graph_analyzer/Cargo.toml;crates/swc_html/Cargo.toml;crates/swc_html_ast/Cargo.toml;crates/swc_html_codegen/Cargo.toml;crates/swc_html_codegen_macros/Cargo.toml;crates/swc_html_minifier/Cargo.toml;crates/swc_html_parser/Cargo.toml;crates/swc_html_utils/Cargo.toml;crates/swc_html_visit/Cargo.toml;crates/swc_macros_common/Cargo.toml;crates/swc_malloc/Cargo.toml;crates/swc_node_bundler/Cargo.toml;crates/swc_node_comments/Cargo.toml;crates/swc_nodejs_common/Cargo.toml;crates/swc_plugin/Cargo.toml;crates/swc_plugin_backend_tests/Cargo.toml;crates/swc_plugin_backend_wasmer/Cargo.toml;crates/swc_plugin_backend_wasmtime/Cargo.toml;crates/swc_plugin_macro/Cargo.toml;crates/swc_plugin_proxy/Cargo.toml;crates/swc_plugin_runner/Cargo.toml;crates/swc_sourcemap/Cargo.toml;crates/swc_transform_common/Cargo.toml;crates/swc_ts_fast_strip/Cargo.toml;crates/swc_ts_fast_strip_binding/Cargo.toml;crates/swc_typescript/Cargo.toml;crates/swc_visit/Cargo.toml;crates/swc_xml/Cargo.toml;crates/swc_xml_ast/Cargo.toml;crates/swc_xml_codegen/Cargo.toml;crates/swc_xml_codegen_macros/Cargo.toml;crates/swc_xml_parser/Cargo.toml;crates/swc_xml_visit/Cargo.toml;crates/testing/Cargo.toml;crates/testing_macros/Cargo.toml;tools/generate-code/Cargo.toml;tools/swc-releaser/Cargo.toml;xtask/Cargo.toml,Cargo.lock;crates/swc_ecma_minifier/fuzz/Cargo.lock,"brief:lang,brief:cargo,brief:bridge,cargo.toml,cargo.lock,rust_loc"
pkg:npm/next,npm,next,npmjs.org,345645,8463,217407589,last-month,16.3.1,2026-08-13T22:45:02.025Z,https://github.com/vercel/next.js,141742,246058,1323575,napi-rs,0,1,70,Cargo.toml;crates/next-api/Cargo.toml;crates/next-build-test/Cargo.toml;crates/next-build/Cargo.toml;crates/next-code-frame/Cargo.toml;crates/next-core/Cargo.toml;crates/next-custom-transforms/Cargo.toml;crates/next-error-code-swc-plugin/Cargo.toml;crates/next-napi-bindings/Cargo.toml;crates/next-taskless/Cargo.toml;crates/wasm/Cargo.toml;rspack/Cargo.toml;rspack/crates/binding/Cargo.toml;scripts/send-trace-to-jaeger/Cargo.toml;turbopack/crates/turbo-bincode/Cargo.toml;turbopack/crates/turbo-dyn-eq-hash/Cargo.toml;turbopack/crates/turbo-esregex/Cargo.toml;turbopack/crates/turbo-frozenmap/Cargo.toml;turbopack/crates/turbo-persistence-tools/Cargo.toml;turbopack/crates/turbo-persistence/Cargo.toml;turbopack/crates/turbo-prehash/Cargo.toml;turbopack/crates/turbo-rcstr-macros/Cargo.toml;turbopack/crates/turbo-rcstr/Cargo.toml;turbopack/crates/turbo-tasks-auto-hash-map/Cargo.toml;turbopack/crates/turbo-tasks-backend/Cargo.toml;turbopack/crates/turbo-tasks-backend/fuzz/Cargo.toml;turbopack/crates/turbo-tasks-bytes/Cargo.toml;turbopack/crates/turbo-tasks-env/Cargo.toml;turbopack/crates/turbo-tasks-fetch/Cargo.toml;turbopack/crates/turbo-tasks-fs/Cargo.toml;turbopack/crates/turbo-tasks-fuzz/Cargo.toml;turbopack/crates/turbo-tasks-hash/Cargo.toml;turbopack/crates/turbo-tasks-macros-tests/Cargo.toml;turbopack/crates/turbo-tasks-macros/Cargo.toml;turbopack/crates/turbo-tasks-malloc/Cargo.toml;turbopack/crates/turbo-tasks-testing/Cargo.toml;turbopack/crates/turbo-tasks/Cargo.toml;turbopack/crates/turbo-unix-path/Cargo.toml;turbopack/crates/turbopack-analyze/Cargo.toml;turbopack/crates/turbopack-bench/Cargo.toml;turbopack/crates/turbopack-browser/Cargo.toml;turbopack/crates/turbopack-cli-utils/Cargo.toml;turbopack/crates/turbopack-cli/Cargo.toml;turbopack/crates/turbopack-core/Cargo.toml;turbopack/crates/turbopack-create-test-app/Cargo.toml;turbopack/crates/turbopack-css/Cargo.toml;turbopack/crates/turbopack-dev-server/Cargo.toml;turbopack/crates/turbopack-ecmascript-hmr-protocol/Cargo.toml;turbopack/crates/turbopack-ecmascript-plugins/Cargo.toml;turbopack/crates/turbopack-ecmascript-runtime/Cargo.toml;turbopack/crates/turbopack-ecmascript/Cargo.toml;turbopack/crates/turbopack-env/Cargo.toml;turbopack/crates/turbopack-image/Cargo.toml;turbopack/crates/turbopack-lightningcss-napi/Cargo.toml;turbopack/crates/turbopack-mdx/Cargo.toml;turbopack/crates/turbopack-nft/Cargo.toml;turbopack/crates/turbopack-node/Cargo.toml;turbopack/crates/turbopack-nodejs/Cargo.toml;turbopack/crates/turbopack-resolve/Cargo.toml;turbopack/crates/turbopack-static/Cargo.toml;turbopack/crates/turbopack-swc-ast-explorer/Cargo.toml;turbopack/crates/turbopack-swc-utils/Cargo.toml;turbopack/crates/turbopack-test-utils/Cargo.toml;turbopack/crates/turbopack-tests/Cargo.toml;turbopack/crates/turbopack-trace-server/Cargo.toml;turbopack/crates/turbopack-trace-utils/Cargo.toml;turbopack/crates/turbopack-tracing/Cargo.toml;turbopack/crates/turbopack-wasm/Cargo.toml;turbopack/crates/turbopack/Cargo.toml;turbopack/xtask/Cargo.toml,Cargo.lock;crates/next-error-code-swc-plugin/Cargo.lock;rspack/Cargo.lock;scripts/send-trace-to-jaeger/Cargo.lock,"brief:lang,brief:cargo,brief:bridge,cargo.toml,cargo.lock,rust_loc"
pkg:npm/use-sync-external-store,npm,use-sync-external-store,npmjs.org,328502,779,402886368,last-month,1.6.0,2025-10-01T21:39:12.499Z,https://github.com/react/react,247323,65038,813965,napi-rs,0,1,14,compiler/Cargo.toml;compiler/crates/react_compiler/Cargo.toml;compiler/crates/react_compiler_ast/Cargo.toml;compiler/crates/react_compiler_diagnostics/Cargo.toml;compiler/crates/react_compiler_hir/Cargo.toml;compiler/crates/react_compiler_inference/Cargo.toml;compiler/crates/react_compiler_lowering/Cargo.toml;compiler/crates/react_compiler_optimization/Cargo.toml;compiler/crates/react_compiler_reactive_scopes/Cargo.toml;compiler/crates/react_compiler_ssa/Cargo.toml;compiler/crates/react_compiler_typeinference/Cargo.toml;compiler/crates/react_compiler_utils/Cargo.toml;compiler/crates/react_compiler_validation/Cargo.toml;compiler/packages/babel-plugin-react-compiler-rust/native/Cargo.toml,compiler/Cargo.lock,"brief:lang,brief:cargo,brief:bridge,cargo.toml,cargo.lock,rust_loc"
pkg:npm/react-devtools-core,npm,react-devtools-core,npmjs.org,324856,567,46220834,last-month,7.0.1,2025-10-20T18:06:18.580Z,https://github.com/react/react,247323,65038,813965,napi-rs,0,1,14,compiler/Cargo.toml;compiler/crates/react_compiler/Cargo.toml;compiler/crates/react_compiler_ast/Cargo.toml;compiler/crates/react_compiler_diagnostics/Cargo.toml;compiler/crates/react_compiler_hir/Cargo.toml;compiler/crates/react_compiler_inference/Cargo.toml;compiler/crates/react_compiler_lowering/Cargo.toml;compiler/crates/react_compiler_optimization/Cargo.toml;compiler/crates/react_compiler_reactive_scopes/Cargo.toml;compiler/crates/react_compiler_ssa/Cargo.toml;compiler/crates/react_compiler_typeinference/Cargo.toml;compiler/crates/react_compiler_utils/Cargo.toml;compiler/crates/react_compiler_validation/Cargo.toml;compiler/packages/babel-plugin-react-compiler-rust/native/Cargo.toml,compiler/Cargo.lock,"brief:lang,brief:cargo,brief:bridge,cargo.toml,cargo.lock,rust_loc"
pkg:gem/commonmarker,rubygems,commonmarker,rubygems.org,317893,69,94997811,total,2.9.0,2026-07-14T16:26:52.386Z,https://github.com/gjtorikian/commonmarker,556,1588,12629,"Magnus,rb-sys",0,1,2,Cargo.toml;ext/commonmarker/Cargo.toml,Cargo.lock,"brief:lang,brief:cargo,brief:bridge,cargo.toml,cargo.lock,rust_loc"
pkg:npm/use-subscription,npm,use-subscription,npmjs.org,315007,287,2486285,last-month,1.12.0,2025-10-01T21:39:09.936Z,https://github.com/react/react,247323,65038,813965,napi-rs,0,1,14,compiler/Cargo.toml;compiler/crates/react_compiler/Cargo.toml;compiler/crates/react_compiler_ast/Cargo.toml;compiler/crates/react_compiler_diagnostics/Cargo.toml;compiler/crates/react_compiler_hir/Cargo.toml;compiler/crates/react_compiler_inference/Cargo.toml;compiler/crates/react_compiler_lowering/Cargo.toml;compiler/crates/react_compiler_optimization/Cargo.toml;compiler/crates/react_compiler_reactive_scopes/Cargo.toml;compiler/crates/react_compiler_ssa/Cargo.toml;compiler/crates/react_compiler_typeinference/Cargo.toml;compiler/crates/react_compiler_utils/Cargo.toml;compiler/crates/react_compiler_validation/Cargo.toml;compiler/packages/babel-plugin-react-compiler-rust/native/Cargo.toml,compiler/Cargo.lock,"brief:lang,brief:cargo,brief:bridge,cargo.toml,cargo.lock,rust_loc"
pkg:gem/selenium-webdriver,rubygems,selenium-webdriver,rubygems.org,311814,1044,352720311,total,4.47.0,2026-08-10T17:53:54.523Z,https://github.com/seleniumhq/selenium,30616,9242,419542,"",1,1,1,rust/Cargo.toml,rust/Cargo.lock,"brief:lang,brief:cargo,cargo.toml,cargo.lock,rust_loc"
pkg:npm/%40next/env,npm,@next/env,npmjs.org,304007,77,222973712,last-month,16.3.1,2026-08-13T22:34:32.531Z,https://github.com/vercel/next.js,141742,246058,1323575,napi-rs,0,1,70,Cargo.toml;crates/next-api/Cargo.toml;crates/next-build-test/Cargo.toml;crates/next-build/Cargo.toml;crates/next-code-frame/Cargo.toml;crates/next-core/Cargo.toml;crates/next-custom-transforms/Cargo.toml;crates/next-error-code-swc-plugin/Cargo.toml;crates/next-napi-bindings/Cargo.toml;crates/next-taskless/Cargo.toml;crates/wasm/Cargo.toml;rspack/Cargo.toml;rspack/crates/binding/Cargo.toml;scripts/send-trace-to-jaeger/Cargo.toml;turbopack/crates/turbo-bincode/Cargo.toml;turbopack/crates/turbo-dyn-eq-hash/Cargo.toml;turbopack/crates/turbo-esregex/Cargo.toml;turbopack/crates/turbo-frozenmap/Cargo.toml;turbopack/crates/turbo-persistence-tools/Cargo.toml;turbopack/crates/turbo-persistence/Cargo.toml;turbopack/crates/turbo-prehash/Cargo.toml;turbopack/crates/turbo-rcstr-macros/Cargo.toml;turbopack/crates/turbo-rcstr/Cargo.toml;turbopack/crates/turbo-tasks-auto-hash-map/Cargo.toml;turbopack/crates/turbo-tasks-backend/Cargo.toml;turbopack/crates/turbo-tasks-backend/fuzz/Cargo.toml;turbopack/crates/turbo-tasks-bytes/Cargo.toml;turbopack/crates/turbo-tasks-env/Cargo.toml;turbopack/crates/turbo-tasks-fetch/Cargo.toml;turbopack/crates/turbo-tasks-fs/Cargo.toml;turbopack/crates/turbo-tasks-fuzz/Cargo.toml;turbopack/crates/turbo-tasks-hash/Cargo.toml;turbopack/crates/turbo-tasks-macros-tests/Cargo.toml;turbopack/crates/turbo-tasks-macros/Cargo.toml;turbopack/crates/turbo-tasks-malloc/Cargo.toml;turbopack/crates/turbo-tasks-testing/Cargo.toml;turbopack/crates/turbo-tasks/Cargo.toml;turbopack/crates/turbo-unix-path/Cargo.toml;turbopack/crates/turbopack-analyze/Cargo.toml;turbopack/crates/turbopack-bench/Cargo.toml;turbopack/crates/turbopack-browser/Cargo.toml;turbopack/crates/turbopack-cli-utils/Cargo.toml;turbopack/crates/turbopack-cli/Cargo.toml;turbopack/crates/turbopack-core/Cargo.toml;turbopack/crates/turbopack-create-test-app/Cargo.toml;turbopack/crates/turbopack-css/Cargo.toml;turbopack/crates/turbopack-dev-server/Cargo.toml;turbopack/crates/turbopack-ecmascript-hmr-protocol/Cargo.toml;turbopack/crates/turbopack-ecmascript-plugins/Cargo.toml;turbopack/crates/turbopack-ecmascript-runtime/Cargo.toml;turbopack/crates/turbopack-ecmascript/Cargo.toml;turbopack/crates/turbopack-env/Cargo.toml;turbopack/crates/turbopack-image/Cargo.toml;turbopack/crates/turbopack-lightningcss-napi/Cargo.toml;turbopack/crates/turbopack-mdx/Cargo.toml;turbopack/crates/turbopack-nft/Cargo.toml;turbopack/crates/turbopack-node/Cargo.toml;turbopack/crates/turbopack-nodejs/Cargo.toml;turbopack/crates/turbopack-resolve/Cargo.toml;turbopack/crates/turbopack-static/Cargo.toml;turbopack/crates/turbopack-swc-ast-explorer/Cargo.toml;turbopack/crates/turbopack-swc-utils/Cargo.toml;turbopack/crates/turbopack-test-utils/Cargo.toml;turbopack/crates/turbopack-tests/Cargo.toml;turbopack/crates/turbopack-trace-server/Cargo.toml;turbopack/crates/turbopack-trace-utils/Cargo.toml;turbopack/crates/turbopack-tracing/Cargo.toml;turbopack/crates/turbopack-wasm/Cargo.toml;turbopack/crates/turbopack/Cargo.toml;turbopack/xtask/Cargo.toml,Cargo.lock;crates/next-error-code-swc-plugin/Cargo.lock;rspack/Cargo.lock;scripts/send-trace-to-jaeger/Cargo.lock,"brief:lang,brief:cargo,brief:bridge,cargo.toml,cargo.lock,rust_loc"
pkg:npm/hermes-engine,npm,hermes-engine,npmjs.org,214711,197,760808,last-month,0.11.0,2022-01-27T22:47:09.890Z,https://github.com/facebook/hermes,9550,29588,1361762,"",0,1,21,unsupported/hermes/Cargo.toml;unsupported/hermes/crates/hermes_comments/Cargo.toml;unsupported/hermes/crates/hermes_diagnostics/Cargo.toml;unsupported/hermes/crates/hermes_estree/Cargo.toml;unsupported/hermes/crates/hermes_estree_codegen/Cargo.toml;unsupported/hermes/crates/hermes_parser/Cargo.toml;unsupported/hermes/crates/hermes_semantic_analysis/Cargo.toml;unsupported/hermes/crates/hermes_utils/Cargo.toml;unsupported/juno/Cargo.toml;unsupported/juno/crates/command_line/Cargo.toml;unsupported/juno/crates/flow_native/Cargo.toml;unsupported/juno/crates/hermes/Cargo.toml;unsupported/juno/crates/juno/Cargo.toml;unsupported/juno/crates/juno_ast/Cargo.toml;unsupported/juno/crates/juno_cli/Cargo.toml;unsupported/juno/crates/juno_eval/Cargo.toml;unsupported/juno/crates/juno_ir/Cargo.toml;unsupported/juno/crates/juno_pass/Cargo.toml;unsupported/juno/crates/juno_support/Cargo.toml;unsupported/juno/crates/libcplusplus/Cargo.toml;unsupported/juno/crates/lit/Cargo.toml,unsupported/hermes/Cargo.lock;unsupported/juno/Cargo.lock,"brief:lang,brief:cargo,cargo.toml,cargo.lock,rust_loc"
pkg:npm/%40next/swc-win32-x64-msvc,npm,@next/swc-win32-x64-msvc,npmjs.org,200018,9,14671812,last-month,16.3.1,2026-08-13T22:35:04.877Z,https://github.com/vercel/next.js,141742,246058,1323575,napi-rs,0,1,70,Cargo.toml;crates/next-api/Cargo.toml;crates/next-build-test/Cargo.toml;crates/next-build/Cargo.toml;crates/next-code-frame/Cargo.toml;crates/next-core/Cargo.toml;crates/next-custom-transforms/Cargo.toml;crates/next-error-code-swc-plugin/Cargo.toml;crates/next-napi-bindings/Cargo.toml;crates/next-taskless/Cargo.toml;crates/wasm/Cargo.toml;rspack/Cargo.toml;rspack/crates/binding/Cargo.toml;scripts/send-trace-to-jaeger/Cargo.toml;turbopack/crates/turbo-bincode/Cargo.toml;turbopack/crates/turbo-dyn-eq-hash/Cargo.toml;turbopack/crates/turbo-esregex/Cargo.toml;turbopack/crates/turbo-frozenmap/Cargo.toml;turbopack/crates/turbo-persistence-tools/Cargo.toml;turbopack/crates/turbo-persistence/Cargo.toml;turbopack/crates/turbo-prehash/Cargo.toml;turbopack/crates/turbo-rcstr-macros/Cargo.toml;turbopack/crates/turbo-rcstr/Cargo.toml;turbopack/crates/turbo-tasks-auto-hash-map/Cargo.toml;turbopack/crates/turbo-tasks-backend/Cargo.toml;turbopack/crates/turbo-tasks-backend/fuzz/Cargo.toml;turbopack/crates/turbo-tasks-bytes/Cargo.toml;turbopack/crates/turbo-tasks-env/Cargo.toml;turbopack/crates/turbo-tasks-fetch/Cargo.toml;turbopack/crates/turbo-tasks-fs/Cargo.toml;turbopack/crates/turbo-tasks-fuzz/Cargo.toml;turbopack/crates/turbo-tasks-hash/Cargo.toml;turbopack/crates/turbo-tasks-macros-tests/Cargo.toml;turbopack/crates/turbo-tasks-macros/Cargo.toml;turbopack/crates/turbo-tasks-malloc/Cargo.toml;turbopack/crates/turbo-tasks-testing/Cargo.toml;turbopack/crates/turbo-tasks/Cargo.toml;turbopack/crates/turbo-unix-path/Cargo.toml;turbopack/crates/turbopack-analyze/Cargo.toml;turbopack/crates/turbopack-bench/Cargo.toml;turbopack/crates/turbopack-browser/Cargo.toml;turbopack/crates/turbopack-cli-utils/Cargo.toml;turbopack/crates/turbopack-cli/Cargo.toml;turbopack/crates/turbopack-core/Cargo.toml;turbopack/crates/turbopack-create-test-app/Cargo.toml;turbopack/crates/turbopack-css/Cargo.toml;turbopack/crates/turbopack-dev-server/Cargo.toml;turbopack/crates/turbopack-ecmascript-hmr-protocol/Cargo.toml;turbopack/crates/turbopack-ecmascript-plugins/Cargo.toml;turbopack/crates/turbopack-ecmascript-runtime/Cargo.toml;turbopack/crates/turbopack-ecmascript/Cargo.toml;turbopack/crates/turbopack-env/Cargo.toml;turbopack/crates/turbopack-image/Cargo.toml;turbopack/crates/turbopack-lightningcss-napi/Cargo.toml;turbopack/crates/turbopack-mdx/Cargo.toml;turbopack/crates/turbopack-nft/Cargo.toml;turbopack/crates/turbopack-node/Cargo.toml;turbopack/crates/turbopack-nodejs/Cargo.toml;turbopack/crates/turbopack-resolve/Cargo.toml;turbopack/crates/turbopack-static/Cargo.toml;turbopack/crates/turbopack-swc-ast-explorer/Cargo.toml;turbopack/crates/turbopack-swc-utils/Cargo.toml;turbopack/crates/turbopack-test-utils/Cargo.toml;turbopack/crates/turbopack-tests/Cargo.toml;turbopack/crates/turbopack-trace-server/Cargo.toml;turbopack/crates/turbopack-trace-utils/Cargo.toml;turbopack/crates/turbopack-tracing/Cargo.toml;turbopack/crates/turbopack-wasm/Cargo.toml;turbopack/crates/turbopack/Cargo.toml;turbopack/xtask/Cargo.toml,Cargo.lock;crates/next-error-code-swc-plugin/Cargo.lock;rspack/Cargo.lock;scripts/send-trace-to-jaeger/Cargo.lock,"brief:lang,brief:cargo,brief:bridge,cargo.toml,cargo.lock,rust_loc"
pkg:npm/%40next/swc-darwin-x64,npm,@next/swc-darwin-x64,npmjs.org,199310,9,11334056,last-month,16.3.1,2026-08-13T22:34:23.790Z,https://github.com/vercel/next.js,141742,246058,1323575,napi-rs,0,1,70,Cargo.toml;crates/next-api/Cargo.toml;crates/next-build-test/Cargo.toml;crates/next-build/Cargo.toml;crates/next-code-frame/Cargo.toml;crates/next-core/Cargo.toml;crates/next-custom-transforms/Cargo.toml;crates/next-error-code-swc-plugin/Cargo.toml;crates/next-napi-bindings/Cargo.toml;crates/next-taskless/Cargo.toml;crates/wasm/Cargo.toml;rspack/Cargo.toml;rspack/crates/binding/Cargo.toml;scripts/send-trace-to-jaeger/Cargo.toml;turbopack/crates/turbo-bincode/Cargo.toml;turbopack/crates/turbo-dyn-eq-hash/Cargo.toml;turbopack/crates/turbo-esregex/Cargo.toml;turbopack/crates/turbo-frozenmap/Cargo.toml;turbopack/crates/turbo-persistence-tools/Cargo.toml;turbopack/crates/turbo-persistence/Cargo.toml;turbopack/crates/turbo-prehash/Cargo.toml;turbopack/crates/turbo-rcstr-macros/Cargo.toml;turbopack/crates/turbo-rcstr/Cargo.toml;turbopack/crates/turbo-tasks-auto-hash-map/Cargo.toml;turbopack/crates/turbo-tasks-backend/Cargo.toml;turbopack/crates/turbo-tasks-backend/fuzz/Cargo.toml;turbopack/crates/turbo-tasks-bytes/Cargo.toml;turbopack/crates/turbo-tasks-env/Cargo.toml;turbopack/crates/turbo-tasks-fetch/Cargo.toml;turbopack/crates/turbo-tasks-fs/Cargo.toml;turbopack/crates/turbo-tasks-fuzz/Cargo.toml;turbopack/crates/turbo-tasks-hash/Cargo.toml;turbopack/crates/turbo-tasks-macros-tests/Cargo.toml;turbopack/crates/turbo-tasks-macros/Cargo.toml;turbopack/crates/turbo-tasks-malloc/Cargo.toml;turbopack/crates/turbo-tasks-testing/Cargo.toml;turbopack/crates/turbo-tasks/Cargo.toml;turbopack/crates/turbo-unix-path/Cargo.toml;turbopack/crates/turbopack-analyze/Cargo.toml;turbopack/crates/turbopack-bench/Cargo.toml;turbopack/crates/turbopack-browser/Cargo.toml;turbopack/crates/turbopack-cli-utils/Cargo.toml;turbopack/crates/turbopack-cli/Cargo.toml;turbopack/crates/turbopack-core/Cargo.toml;turbopack/crates/turbopack-create-test-app/Cargo.toml;turbopack/crates/turbopack-css/Cargo.toml;turbopack/crates/turbopack-dev-server/Cargo.toml;turbopack/crates/turbopack-ecmascript-hmr-protocol/Cargo.toml;turbopack/crates/turbopack-ecmascript-plugins/Cargo.toml;turbopack/crates/turbopack-ecmascript-runtime/Cargo.toml;turbopack/crates/turbopack-ecmascript/Cargo.toml;turbopack/crates/turbopack-env/Cargo.toml;turbopack/crates/turbopack-image/Cargo.toml;turbopack/crates/turbopack-lightningcss-napi/Cargo.toml;turbopack/crates/turbopack-mdx/Cargo.toml;turbopack/crates/turbopack-nft/Cargo.toml;turbopack/crates/turbopack-node/Cargo.toml;turbopack/crates/turbopack-nodejs/Cargo.toml;turbopack/crates/turbopack-resolve/Cargo.toml;turbopack/crates/turbopack-static/Cargo.toml;turbopack/crates/turbopack-swc-ast-explorer/Cargo.toml;turbopack/crates/turbopack-swc-utils/Cargo.toml;turbopack/crates/turbopack-test-utils/Cargo.toml;turbopack/crates/turbopack-tests/Cargo.toml;turbopack/crates/turbopack-trace-server/Cargo.toml;turbopack/crates/turbopack-trace-utils/Cargo.toml;turbopack/crates/turbopack-tracing/Cargo.toml;turbopack/crates/turbopack-wasm/Cargo.toml;turbopack/crates/turbopack/Cargo.toml;turbopack/xtask/Cargo.toml,Cargo.lock;crates/next-error-code-swc-plugin/Cargo.lock;rspack/Cargo.lock;scripts/send-trace-to-jaeger/Cargo.lock,"brief:lang,brief:cargo,brief:bridge,cargo.toml,cargo.lock,rust_loc"
pkg:npm/%40next/swc-linux-x64-gnu,npm,@next/swc-linux-x64-gnu,npmjs.org,199250,9,182353469,last-month,16.3.1,2026-08-13T22:35:54.275Z,https://github.com/vercel/next.js,141742,246058,1323575,napi-rs,0,1,70,Cargo.toml;crates/next-api/Cargo.toml;crates/next-build-test/Cargo.toml;crates/next-build/Cargo.toml;crates/next-code-frame/Cargo.toml;crates/next-core/Cargo.toml;crates/next-custom-transforms/Cargo.toml;crates/next-error-code-swc-plugin/Cargo.toml;crates/next-napi-bindings/Cargo.toml;crates/next-taskless/Cargo.toml;crates/wasm/Cargo.toml;rspack/Cargo.toml;rspack/crates/binding/Cargo.toml;scripts/send-trace-to-jaeger/Cargo.toml;turbopack/crates/turbo-bincode/Cargo.toml;turbopack/crates/turbo-dyn-eq-hash/Cargo.toml;turbopack/crates/turbo-esregex/Cargo.toml;turbopack/crates/turbo-frozenmap/Cargo.toml;turbopack/crates/turbo-persistence-tools/Cargo.toml;turbopack/crates/turbo-persistence/Cargo.toml;turbopack/crates/turbo-prehash/Cargo.toml;turbopack/crates/turbo-rcstr-macros/Cargo.toml;turbopack/crates/turbo-rcstr/Cargo.toml;turbopack/crates/turbo-tasks-auto-hash-map/Cargo.toml;turbopack/crates/turbo-tasks-backend/Cargo.toml;turbopack/crates/turbo-tasks-backend/fuzz/Cargo.toml;turbopack/crates/turbo-tasks-bytes/Cargo.toml;turbopack/crates/turbo-tasks-env/Cargo.toml;turbopack/crates/turbo-tasks-fetch/Cargo.toml;turbopack/crates/turbo-tasks-fs/Cargo.toml;turbopack/crates/turbo-tasks-fuzz/Cargo.toml;turbopack/crates/turbo-tasks-hash/Cargo.toml;turbopack/crates/turbo-tasks-macros-tests/Cargo.toml;turbopack/crates/turbo-tasks-macros/Cargo.toml;turbopack/crates/turbo-tasks-malloc/Cargo.toml;turbopack/crates/turbo-tasks-testing/Cargo.toml;turbopack/crates/turbo-tasks/Cargo.toml;turbopack/crates/turbo-unix-path/Cargo.toml;turbopack/crates/turbopack-analyze/Cargo.toml;turbopack/crates/turbopack-bench/Cargo.toml;turbopack/crates/turbopack-browser/Cargo.toml;turbopack/crates/turbopack-cli-utils/Cargo.toml;turbopack/crates/turbopack-cli/Cargo.toml;turbopack/crates/turbopack-core/Cargo.toml;turbopack/crates/turbopack-create-test-app/Cargo.toml;turbopack/crates/turbopack-css/Cargo.toml;turbopack/crates/turbopack-dev-server/Cargo.toml;turbopack/crates/turbopack-ecmascript-hmr-protocol/Cargo.toml;turbopack/crates/turbopack-ecmascript-plugins/Cargo.toml;turbopack/crates/turbopack-ecmascript-runtime/Cargo.toml;turbopack/crates/turbopack-ecmascript/Cargo.toml;turbopack/crates/turbopack-env/Cargo.toml;turbopack/crates/turbopack-image/Cargo.toml;turbopack/crates/turbopack-lightningcss-napi/Cargo.toml;turbopack/crates/turbopack-mdx/Cargo.toml;turbopack/crates/turbopack-nft/Cargo.toml;turbopack/crates/turbopack-node/Cargo.toml;turbopack/crates/turbopack-nodejs/Cargo.toml;turbopack/crates/turbopack-resolve/Cargo.toml;turbopack/crates/turbopack-static/Cargo.toml;turbopack/crates/turbopack-swc-ast-explorer/Cargo.toml;turbopack/crates/turbopack-swc-utils/Cargo.toml;turbopack/crates/turbopack-test-utils/Cargo.toml;turbopack/crates/turbopack-tests/Cargo.toml;turbopack/crates/turbopack-trace-server/Cargo.toml;turbopack/crates/turbopack-trace-utils/Cargo.toml;turbopack/crates/turbopack-tracing/Cargo.toml;turbopack/crates/turbopack-wasm/Cargo.toml;turbopack/crates/turbopack/Cargo.toml;turbopack/xtask/Cargo.toml,Cargo.lock;crates/next-error-code-swc-plugin/Cargo.lock;rspack/Cargo.lock;scripts/send-trace-to-jaeger/Cargo.lock,"brief:lang,brief:cargo,brief:bridge,cargo.toml,cargo.lock,rust_loc"
pkg:npm/%40next/swc-darwin-arm64,npm,@next/swc-darwin-arm64,npmjs.org,199127,9,14828574,last-month,16.3.1,2026-08-13T22:34:21.083Z,https://github.com/vercel/next.js,141742,246058,1323575,napi-rs,0,1,70,Cargo.toml;crates/next-api/Cargo.toml;crates/next-build-test/Cargo.toml;crates/next-build/Cargo.toml;crates/next-code-frame/Cargo.toml;crates/next-core/Cargo.toml;crates/next-custom-transforms/Cargo.toml;crates/next-error-code-swc-plugin/Cargo.toml;crates/next-napi-bindings/Cargo.toml;crates/next-taskless/Cargo.toml;crates/wasm/Cargo.toml;rspack/Cargo.toml;rspack/crates/binding/Cargo.toml;scripts/send-trace-to-jaeger/Cargo.toml;turbopack/crates/turbo-bincode/Cargo.toml;turbopack/crates/turbo-dyn-eq-hash/Cargo.toml;turbopack/crates/turbo-esregex/Cargo.toml;turbopack/crates/turbo-frozenmap/Cargo.toml;turbopack/crates/turbo-persistence-tools/Cargo.toml;turbopack/crates/turbo-persistence/Cargo.toml;turbopack/crates/turbo-prehash/Cargo.toml;turbopack/crates/turbo-rcstr-macros/Cargo.toml;turbopack/crates/turbo-rcstr/Cargo.toml;turbopack/crates/turbo-tasks-auto-hash-map/Cargo.toml;turbopack/crates/turbo-tasks-backend/Cargo.toml;turbopack/crates/turbo-tasks-backend/fuzz/Cargo.toml;turbopack/crates/turbo-tasks-bytes/Cargo.toml;turbopack/crates/turbo-tasks-env/Cargo.toml;turbopack/crates/turbo-tasks-fetch/Cargo.toml;turbopack/crates/turbo-tasks-fs/Cargo.toml;turbopack/crates/turbo-tasks-fuzz/Cargo.toml;turbopack/crates/turbo-tasks-hash/Cargo.toml;turbopack/crates/turbo-tasks-macros-tests/Cargo.toml;turbopack/crates/turbo-tasks-macros/Cargo.toml;turbopack/crates/turbo-tasks-malloc/Cargo.toml;turbopack/crates/turbo-tasks-testing/Cargo.toml;turbopack/crates/turbo-tasks/Cargo.toml;turbopack/crates/turbo-unix-path/Cargo.toml;turbopack/crates/turbopack-analyze/Cargo.toml;turbopack/crates/turbopack-bench/Cargo.toml;turbopack/crates/turbopack-browser/Cargo.toml;turbopack/crates/turbopack-cli-utils/Cargo.toml;turbopack/crates/turbopack-cli/Cargo.toml;turbopack/crates/turbopack-core/Cargo.toml;turbopack/crates/turbopack-create-test-app/Cargo.toml;turbopack/crates/turbopack-css/Cargo.toml;turbopack/crates/turbopack-dev-server/Cargo.toml;turbopack/crates/turbopack-ecmascript-hmr-protocol/Cargo.toml;turbopack/crates/turbopack-ecmascript-plugins/Cargo.toml;turbopack/crates/turbopack-ecmascript-runtime/Cargo.toml;turbopack/crates/turbopack-ecmascript/Cargo.toml;turbopack/crates/turbopack-env/Cargo.toml;turbopack/crates/turbopack-image/Cargo.toml;turbopack/crates/turbopack-lightningcss-napi/Cargo.toml;turbopack/crates/turbopack-mdx/Cargo.toml;turbopack/crates/turbopack-nft/Cargo.toml;turbopack/crates/turbopack-node/Cargo.toml;turbopack/crates/turbopack-nodejs/Cargo.toml;turbopack/crates/turbopack-resolve/Cargo.toml;turbopack/crates/turbopack-static/Cargo.toml;turbopack/crates/turbopack-swc-ast-explorer/Cargo.toml;turbopack/crates/turbopack-swc-utils/Cargo.toml;turbopack/crates/turbopack-test-utils/Cargo.toml;turbopack/crates/turbopack-tests/Cargo.toml;turbopack/crates/turbopack-trace-server/Cargo.toml;turbopack/crates/turbopack-trace-utils/Cargo.toml;turbopack/crates/turbopack-tracing/Cargo.toml;turbopack/crates/turbopack-wasm/Cargo.toml;turbopack/crates/turbopack/Cargo.toml;turbopack/xtask/Cargo.toml,Cargo.lock;crates/next-error-code-swc-plugin/Cargo.lock;rspack/Cargo.lock;scripts/send-trace-to-jaeger/Cargo.lock,"brief:lang,brief:cargo,brief:bridge,cargo.toml,cargo.lock,rust_loc"
pkg:npm/%40next/swc-linux-x64-musl,npm,@next/swc-linux-x64-musl,npmjs.org,186350,9,132358380,last-month,16.3.1,2026-08-13T22:34:39.446Z,https://github.com/vercel/next.js,141742,246058,1323575,napi-rs,0,1,70,Cargo.toml;crates/next-api/Cargo.toml;crates/next-build-test/Cargo.toml;crates/next-build/Cargo.toml;crates/next-code-frame/Cargo.toml;crates/next-core/Cargo.toml;crates/next-custom-transforms/Cargo.toml;crates/next-error-code-swc-plugin/Cargo.toml;crates/next-napi-bindings/Cargo.toml;crates/next-taskless/Cargo.toml;crates/wasm/Cargo.toml;rspack/Cargo.toml;rspack/crates/binding/Cargo.toml;scripts/send-trace-to-jaeger/Cargo.toml;turbopack/crates/turbo-bincode/Cargo.toml;turbopack/crates/turbo-dyn-eq-hash/Cargo.toml;turbopack/crates/turbo-esregex/Cargo.toml;turbopack/crates/turbo-frozenmap/Cargo.toml;turbopack/crates/turbo-persistence-tools/Cargo.toml;turbopack/crates/turbo-persistence/Cargo.toml;turbopack/crates/turbo-prehash/Cargo.toml;turbopack/crates/turbo-rcstr-macros/Cargo.toml;turbopack/crates/turbo-rcstr/Cargo.toml;turbopack/crates/turbo-tasks-auto-hash-map/Cargo.toml;turbopack/crates/turbo-tasks-backend/Cargo.toml;turbopack/crates/turbo-tasks-backend/fuzz/Cargo.toml;turbopack/crates/turbo-tasks-bytes/Cargo.toml;turbopack/crates/turbo-tasks-env/Cargo.toml;turbopack/crates/turbo-tasks-fetch/Cargo.toml;turbopack/crates/turbo-tasks-fs/Cargo.toml;turbopack/crates/turbo-tasks-fuzz/Cargo.toml;turbopack/crates/turbo-tasks-hash/Cargo.toml;turbopack/crates/turbo-tasks-macros-tests/Cargo.toml;turbopack/crates/turbo-tasks-macros/Cargo.toml;turbopack/crates/turbo-tasks-malloc/Cargo.toml;turbopack/crates/turbo-tasks-testing/Cargo.toml;turbopack/crates/turbo-tasks/Cargo.toml;turbopack/crates/turbo-unix-path/Cargo.toml;turbopack/crates/turbopack-analyze/Cargo.toml;turbopack/crates/turbopack-bench/Cargo.toml;turbopack/crates/turbopack-browser/Cargo.toml;turbopack/crates/turbopack-cli-utils/Cargo.toml;turbopack/crates/turbopack-cli/Cargo.toml;turbopack/crates/turbopack-core/Cargo.toml;turbopack/crates/turbopack-create-test-app/Cargo.toml;turbopack/crates/turbopack-css/Cargo.toml;turbopack/crates/turbopack-dev-server/Cargo.toml;turbopack/crates/turbopack-ecmascript-hmr-protocol/Cargo.toml;turbopack/crates/turbopack-ecmascript-plugins/Cargo.toml;turbopack/crates/turbopack-ecmascript-runtime/Cargo.toml;turbopack/crates/turbopack-ecmascript/Cargo.toml;turbopack/crates/turbopack-env/Cargo.toml;turbopack/crates/turbopack-image/Cargo.toml;turbopack/crates/turbopack-lightningcss-napi/Cargo.toml;turbopack/crates/turbopack-mdx/Cargo.toml;turbopack/crates/turbopack-nft/Cargo.toml;turbopack/crates/turbopack-node/Cargo.toml;turbopack/crates/turbopack-nodejs/Cargo.toml;turbopack/crates/turbopack-resolve/Cargo.toml;turbopack/crates/turbopack-static/Cargo.toml;turbopack/crates/turbopack-swc-ast-explorer/Cargo.toml;turbopack/crates/turbopack-swc-utils/Cargo.toml;turbopack/crates/turbopack-test-utils/Cargo.toml;turbopack/crates/turbopack-tests/Cargo.toml;turbopack/crates/turbopack-trace-server/Cargo.toml;turbopack/crates/turbopack-trace-utils/Cargo.toml;turbopack/crates/turbopack-tracing/Cargo.toml;turbopack/crates/turbopack-wasm/Cargo.toml;turbopack/crates/turbopack/Cargo.toml;turbopack/xtask/Cargo.toml,Cargo.lock;crates/next-error-code-swc-plugin/Cargo.lock;rspack/Cargo.lock;scripts/send-trace-to-jaeger/Cargo.lock,"brief:lang,brief:cargo,brief:bridge,cargo.toml,cargo.lock,rust_loc"
pkg:npm/%40next/swc-win32-ia32-msvc,npm,@next/swc-win32-ia32-msvc,npmjs.org,185803,9,2843355,last-month,14.2.33,2025-09-23T20:49:59.675Z,https://github.com/vercel/next.js,141742,246058,1323575,napi-rs,0,1,70,Cargo.toml;crates/next-api/Cargo.toml;crates/next-build-test/Cargo.toml;crates/next-build/Cargo.toml;crates/next-code-frame/Cargo.toml;crates/next-core/Cargo.toml;crates/next-custom-transforms/Cargo.toml;crates/next-error-code-swc-plugin/Cargo.toml;crates/next-napi-bindings/Cargo.toml;crates/next-taskless/Cargo.toml;crates/wasm/Cargo.toml;rspack/Cargo.toml;rspack/crates/binding/Cargo.toml;scripts/send-trace-to-jaeger/Cargo.toml;turbopack/crates/turbo-bincode/Cargo.toml;turbopack/crates/turbo-dyn-eq-hash/Cargo.toml;turbopack/crates/turbo-esregex/Cargo.toml;turbopack/crates/turbo-frozenmap/Cargo.toml;turbopack/crates/turbo-persistence-tools/Cargo.toml;turbopack/crates/turbo-persistence/Cargo.toml;turbopack/crates/turbo-prehash/Cargo.toml;turbopack/crates/turbo-rcstr-macros/Cargo.toml;turbopack/crates/turbo-rcstr/Cargo.toml;turbopack/crates/turbo-tasks-auto-hash-map/Cargo.toml;turbopack/crates/turbo-tasks-backend/Cargo.toml;turbopack/crates/turbo-tasks-backend/fuzz/Cargo.toml;turbopack/crates/turbo-tasks-bytes/Cargo.toml;turbopack/crates/turbo-tasks-env/Cargo.toml;turbopack/crates/turbo-tasks-fetch/Cargo.toml;turbopack/crates/turbo-tasks-fs/Cargo.toml;turbopack/crates/turbo-tasks-fuzz/Cargo.toml;turbopack/crates/turbo-tasks-hash/Cargo.toml;turbopack/crates/turbo-tasks-macros-tests/Cargo.toml;turbopack/crates/turbo-tasks-macros/Cargo.toml;turbopack/crates/turbo-tasks-malloc/Cargo.toml;turbopack/crates/turbo-tasks-testing/Cargo.toml;turbopack/crates/turbo-tasks/Cargo.toml;turbopack/crates/turbo-unix-path/Cargo.toml;turbopack/crates/turbopack-analyze/Cargo.toml;turbopack/crates/turbopack-bench/Cargo.toml;turbopack/crates/turbopack-browser/Cargo.toml;turbopack/crates/turbopack-cli-utils/Cargo.toml;turbopack/crates/turbopack-cli/Cargo.toml;turbopack/crates/turbopack-core/Cargo.toml;turbopack/crates/turbopack-create-test-app/Cargo.toml;turbopack/crates/turbopack-css/Cargo.toml;turbopack/crates/turbopack-dev-server/Cargo.toml;turbopack/crates/turbopack-ecmascript-hmr-protocol/Cargo.toml;turbopack/crates/turbopack-ecmascript-plugins/Cargo.toml;turbopack/crates/turbopack-ecmascript-runtime/Cargo.toml;turbopack/crates/turbopack-ecmascript/Cargo.toml;turbopack/crates/turbopack-env/Cargo.toml;turbopack/crates/turbopack-image/Cargo.toml;turbopack/crates/turbopack-lightningcss-napi/Cargo.toml;turbopack/crates/turbopack-mdx/Cargo.toml;turbopack/crates/turbopack-nft/Cargo.toml;turbopack/crates/turbopack-node/Cargo.toml;turbopack/crates/turbopack-nodejs/Cargo.toml;turbopack/crates/turbopack-resolve/Cargo.toml;turbopack/crates/turbopack-static/Cargo.toml;turbopack/crates/turbopack-swc-ast-explorer/Cargo.toml;turbopack/crates/turbopack-swc-utils/Cargo.toml;turbopack/crates/turbopack-test-utils/Cargo.toml;turbopack/crates/turbopack-tests/Cargo.toml;turbopack/crates/turbopack-trace-server/Cargo.toml;turbopack/crates/turbopack-trace-utils/Cargo.toml;turbopack/crates/turbopack-tracing/Cargo.toml;turbopack/crates/turbopack-wasm/Cargo.toml;turbopack/crates/turbopack/Cargo.toml;turbopack/xtask/Cargo.toml,Cargo.lock;crates/next-error-code-swc-plugin/Cargo.lock;rspack/Cargo.lock;scripts/send-trace-to-jaeger/Cargo.lock,"brief:lang,brief:cargo,brief:bridge,cargo.toml,cargo.lock,rust_loc"
pkg:npm/%40next/swc-linux-arm64-musl,npm,@next/swc-linux-arm64-musl,npmjs.org,185782,9,14947982,last-month,16.3.1,2026-08-13T22:35:43.527Z,https://github.com/vercel/next.js,141742,246058,1323575,napi-rs,0,1,70,Cargo.toml;crates/next-api/Cargo.toml;crates/next-build-test/Cargo.toml;crates/next-build/Cargo.toml;crates/next-code-frame/Cargo.toml;crates/next-core/Cargo.toml;crates/next-custom-transforms/Cargo.toml;crates/next-error-code-swc-plugin/Cargo.toml;crates/next-napi-bindings/Cargo.toml;crates/next-taskless/Cargo.toml;crates/wasm/Cargo.toml;rspack/Cargo.toml;rspack/crates/binding/Cargo.toml;scripts/send-trace-to-jaeger/Cargo.toml;turbopack/crates/turbo-bincode/Cargo.toml;turbopack/crates/turbo-dyn-eq-hash/Cargo.toml;turbopack/crates/turbo-esregex/Cargo.toml;turbopack/crates/turbo-frozenmap/Cargo.toml;turbopack/crates/turbo-persistence-tools/Cargo.toml;turbopack/crates/turbo-persistence/Cargo.toml;turbopack/crates/turbo-prehash/Cargo.toml;turbopack/crates/turbo-rcstr-macros/Cargo.toml;turbopack/crates/turbo-rcstr/Cargo.toml;turbopack/crates/turbo-tasks-auto-hash-map/Cargo.toml;turbopack/crates/turbo-tasks-backend/Cargo.toml;turbopack/crates/turbo-tasks-backend/fuzz/Cargo.toml;turbopack/crates/turbo-tasks-bytes/Cargo.toml;turbopack/crates/turbo-tasks-env/Cargo.toml;turbopack/crates/turbo-tasks-fetch/Cargo.toml;turbopack/crates/turbo-tasks-fs/Cargo.toml;turbopack/crates/turbo-tasks-fuzz/Cargo.toml;turbopack/crates/turbo-tasks-hash/Cargo.toml;turbopack/crates/turbo-tasks-macros-tests/Cargo.toml;turbopack/crates/turbo-tasks-macros/Cargo.toml;turbopack/crates/turbo-tasks-malloc/Cargo.toml;turbopack/crates/turbo-tasks-testing/Cargo.toml;turbopack/crates/turbo-tasks/Cargo.toml;turbopack/crates/turbo-unix-path/Cargo.toml;turbopack/crates/turbopack-analyze/Cargo.toml;turbopack/crates/turbopack-bench/Cargo.toml;turbopack/crates/turbopack-browser/Cargo.toml;turbopack/crates/turbopack-cli-utils/Cargo.toml;turbopack/crates/turbopack-cli/Cargo.toml;turbopack/crates/turbopack-core/Cargo.toml;turbopack/crates/turbopack-create-test-app/Cargo.toml;turbopack/crates/turbopack-css/Cargo.toml;turbopack/crates/turbopack-dev-server/Cargo.toml;turbopack/crates/turbopack-ecmascript-hmr-protocol/Cargo.toml;turbopack/crates/turbopack-ecmascript-plugins/Cargo.toml;turbopack/crates/turbopack-ecmascript-runtime/Cargo.toml;turbopack/crates/turbopack-ecmascript/Cargo.toml;turbopack/crates/turbopack-env/Cargo.toml;turbopack/crates/turbopack-image/Cargo.toml;turbopack/crates/turbopack-lightningcss-napi/Cargo.toml;turbopack/crates/turbopack-mdx/Cargo.toml;turbopack/crates/turbopack-nft/Cargo.toml;turbopack/crates/turbopack-node/Cargo.toml;turbopack/crates/turbopack-nodejs/Cargo.toml;turbopack/crates/turbopack-resolve/Cargo.toml;turbopack/crates/turbopack-static/Cargo.toml;turbopack/crates/turbopack-swc-ast-explorer/Cargo.toml;turbopack/crates/turbopack-swc-utils/Cargo.toml;turbopack/crates/turbopack-test-utils/Cargo.toml;turbopack/crates/turbopack-tests/Cargo.toml;turbopack/crates/turbopack-trace-server/Cargo.toml;turbopack/crates/turbopack-trace-utils/Cargo.toml;turbopack/crates/turbopack-tracing/Cargo.toml;turbopack/crates/turbopack-wasm/Cargo.toml;turbopack/crates/turbopack/Cargo.toml;turbopack/xtask/Cargo.toml,Cargo.lock;crates/next-error-code-swc-plugin/Cargo.lock;rspack/Cargo.lock;scripts/send-trace-to-jaeger/Cargo.lock,"brief:lang,brief:cargo,brief:bridge,cargo.toml,cargo.lock,rust_loc"
pkg:npm/%40next/swc-linux-arm64-gnu,npm,@next/swc-linux-arm64-gnu,npmjs.org,185780,9,16647987,last-month,16.3.1,2026-08-13T22:34:31.959Z,https://github.com/vercel/next.js,141742,246058,1323575,napi-rs,0,1,70,Cargo.toml;crates/next-api/Cargo.toml;crates/next-build-test/Cargo.toml;crates/next-build/Cargo.toml;crates/next-code-frame/Cargo.toml;crates/next-core/Cargo.toml;crates/next-custom-transforms/Cargo.toml;crates/next-error-code-swc-plugin/Cargo.toml;crates/next-napi-bindings/Cargo.toml;crates/next-taskless/Cargo.toml;crates/wasm/Cargo.toml;rspack/Cargo.toml;rspack/crates/binding/Cargo.toml;scripts/send-trace-to-jaeger/Cargo.toml;turbopack/crates/turbo-bincode/Cargo.toml;turbopack/crates/turbo-dyn-eq-hash/Cargo.toml;turbopack/crates/turbo-esregex/Cargo.toml;turbopack/crates/turbo-frozenmap/Cargo.toml;turbopack/crates/turbo-persistence-tools/Cargo.toml;turbopack/crates/turbo-persistence/Cargo.toml;turbopack/crates/turbo-prehash/Cargo.toml;turbopack/crates/turbo-rcstr-macros/Cargo.toml;turbopack/crates/turbo-rcstr/Cargo.toml;turbopack/crates/turbo-tasks-auto-hash-map/Cargo.toml;turbopack/crates/turbo-tasks-backend/Cargo.toml;turbopack/crates/turbo-tasks-backend/fuzz/Cargo.toml;turbopack/crates/turbo-tasks-bytes/Cargo.toml;turbopack/crates/turbo-tasks-env/Cargo.toml;turbopack/crates/turbo-tasks-fetch/Cargo.toml;turbopack/crates/turbo-tasks-fs/Cargo.toml;turbopack/crates/turbo-tasks-fuzz/Cargo.toml;turbopack/crates/turbo-tasks-hash/Cargo.toml;turbopack/crates/turbo-tasks-macros-tests/Cargo.toml;turbopack/crates/turbo-tasks-macros/Cargo.toml;turbopack/crates/turbo-tasks-malloc/Cargo.toml;turbopack/crates/turbo-tasks-testing/Cargo.toml;turbopack/crates/turbo-tasks/Cargo.toml;turbopack/crates/turbo-unix-path/Cargo.toml;turbopack/crates/turbopack-analyze/Cargo.toml;turbopack/crates/turbopack-bench/Cargo.toml;turbopack/crates/turbopack-browser/Cargo.toml;turbopack/crates/turbopack-cli-utils/Cargo.toml;turbopack/crates/turbopack-cli/Cargo.toml;turbopack/crates/turbopack-core/Cargo.toml;turbopack/crates/turbopack-create-test-app/Cargo.toml;turbopack/crates/turbopack-css/Cargo.toml;turbopack/crates/turbopack-dev-server/Cargo.toml;turbopack/crates/turbopack-ecmascript-hmr-protocol/Cargo.toml;turbopack/crates/turbopack-ecmascript-plugins/Cargo.toml;turbopack/crates/turbopack-ecmascript-runtime/Cargo.toml;turbopack/crates/turbopack-ecmascript/Cargo.toml;turbopack/crates/turbopack-env/Cargo.toml;turbopack/crates/turbopack-image/Cargo.toml;turbopack/crates/turbopack-lightningcss-napi/Cargo.toml;turbopack/crates/turbopack-mdx/Cargo.toml;turbopack/crates/turbopack-nft/Cargo.toml;turbopack/crates/turbopack-node/Cargo.toml;turbopack/crates/turbopack-nodejs/Cargo.toml;turbopack/crates/turbopack-resolve/Cargo.toml;turbopack/crates/turbopack-static/Cargo.toml;turbopack/crates/turbopack-swc-ast-explorer/Cargo.toml;turbopack/crates/turbopack-swc-utils/Cargo.toml;turbopack/crates/turbopack-test-utils/Cargo.toml;turbopack/crates/turbopack-tests/Cargo.toml;turbopack/crates/turbopack-trace-server/Cargo.toml;turbopack/crates/turbopack-trace-utils/Cargo.toml;turbopack/crates/turbopack-tracing/Cargo.toml;turbopack/crates/turbopack-wasm/Cargo.toml;turbopack/crates/turbopack/Cargo.toml;turbopack/xtask/Cargo.toml,Cargo.lock;crates/next-error-code-swc-plugin/Cargo.lock;rspack/Cargo.lock;scripts/send-trace-to-jaeger/Cargo.lock,"brief:lang,brief:cargo,brief:bridge,cargo.toml,cargo.lock,rust_loc"
pkg:npm/%40next/swc-win32-arm64-msvc,npm,@next/swc-win32-arm64-msvc,npmjs.org,185777,9,10365253,last-month,16.3.1,2026-08-13T22:34:53.262Z,https://github.com/vercel/next.js,141742,246058,1323575,napi-rs,0,1,70,Cargo.toml;crates/next-api/Cargo.toml;crates/next-build-test/Cargo.toml;crates/next-build/Cargo.toml;crates/next-code-frame/Cargo.toml;crates/next-core/Cargo.toml;crates/next-custom-transforms/Cargo.toml;crates/next-error-code-swc-plugin/Cargo.toml;crates/next-napi-bindings/Cargo.toml;crates/next-taskless/Cargo.toml;crates/wasm/Cargo.toml;rspack/Cargo.toml;rspack/crates/binding/Cargo.toml;scripts/send-trace-to-jaeger/Cargo.toml;turbopack/crates/turbo-bincode/Cargo.toml;turbopack/crates/turbo-dyn-eq-hash/Cargo.toml;turbopack/crates/turbo-esregex/Cargo.toml;turbopack/crates/turbo-frozenmap/Cargo.toml;turbopack/crates/turbo-persistence-tools/Cargo.toml;turbopack/crates/turbo-persistence/Cargo.toml;turbopack/crates/turbo-prehash/Cargo.toml;turbopack/crates/turbo-rcstr-macros/Cargo.toml;turbopack/crates/turbo-rcstr/Cargo.toml;turbopack/crates/turbo-tasks-auto-hash-map/Cargo.toml;turbopack/crates/turbo-tasks-backend/Cargo.toml;turbopack/crates/turbo-tasks-backend/fuzz/Cargo.toml;turbopack/crates/turbo-tasks-bytes/Cargo.toml;turbopack/crates/turbo-tasks-env/Cargo.toml;turbopack/crates/turbo-tasks-fetch/Cargo.toml;turbopack/crates/turbo-tasks-fs/Cargo.toml;turbopack/crates/turbo-tasks-fuzz/Cargo.toml;turbopack/crates/turbo-tasks-hash/Cargo.toml;turbopack/crates/turbo-tasks-macros-tests/Cargo.toml;turbopack/crates/turbo-tasks-macros/Cargo.toml;turbopack/crates/turbo-tasks-malloc/Cargo.toml;turbopack/crates/turbo-tasks-testing/Cargo.toml;turbopack/crates/turbo-tasks/Cargo.toml;turbopack/crates/turbo-unix-path/Cargo.toml;turbopack/crates/turbopack-analyze/Cargo.toml;turbopack/crates/turbopack-bench/Cargo.toml;turbopack/crates/turbopack-browser/Cargo.toml;turbopack/crates/turbopack-cli-utils/Cargo.toml;turbopack/crates/turbopack-cli/Cargo.toml;turbopack/crates/turbopack-core/Cargo.toml;turbopack/crates/turbopack-create-test-app/Cargo.toml;turbopack/crates/turbopack-css/Cargo.toml;turbopack/crates/turbopack-dev-server/Cargo.toml;turbopack/crates/turbopack-ecmascript-hmr-protocol/Cargo.toml;turbopack/crates/turbopack-ecmascript-plugins/Cargo.toml;turbopack/crates/turbopack-ecmascript-runtime/Cargo.toml;turbopack/crates/turbopack-ecmascript/Cargo.toml;turbopack/crates/turbopack-env/Cargo.toml;turbopack/crates/turbopack-image/Cargo.toml;turbopack/crates/turbopack-lightningcss-napi/Cargo.toml;turbopack/crates/turbopack-mdx/Cargo.toml;turbopack/crates/turbopack-nft/Cargo.toml;turbopack/crates/turbopack-node/Cargo.toml;turbopack/crates/turbopack-nodejs/Cargo.toml;turbopack/crates/turbopack-resolve/Cargo.toml;turbopack/crates/turbopack-static/Cargo.toml;turbopack/crates/turbopack-swc-ast-explorer/Cargo.toml;turbopack/crates/turbopack-swc-utils/Cargo.toml;turbopack/crates/turbopack-test-utils/Cargo.toml;turbopack/crates/turbopack-tests/Cargo.toml;turbopack/crates/turbopack-trace-server/Cargo.toml;turbopack/crates/turbopack-trace-utils/Cargo.toml;turbopack/crates/turbopack-tracing/Cargo.toml;turbopack/crates/turbopack-wasm/Cargo.toml;turbopack/crates/turbopack/Cargo.toml;turbopack/xtask/Cargo.toml,Cargo.lock;crates/next-error-code-swc-plugin/Cargo.lock;rspack/Cargo.lock;scripts/send-trace-to-jaeger/Cargo.lock,"brief:lang,brief:cargo,brief:bridge,cargo.toml,cargo.lock,rust_loc"
pkg:npm/eslint-config-next,npm,eslint-config-next,npmjs.org,177757,3474,123885367,last-month,16.3.1,2026-08-13T22:35:19.167Z,https://github.com/vercel/next.js,141742,246058,1323575,napi-rs,0,1,70,Cargo.toml;crates/next-api/Cargo.toml;crates/next-build-test/Cargo.toml;crates/next-build/Cargo.toml;crates/next-code-frame/Cargo.toml;crates/next-core/Cargo.toml;crates/next-custom-transforms/Cargo.toml;crates/next-error-code-swc-plugin/Cargo.toml;crates/next-napi-bindings/Cargo.toml;crates/next-taskless/Cargo.toml;crates/wasm/Cargo.toml;rspack/Cargo.toml;rspack/crates/binding/Cargo.toml;scripts/send-trace-to-jaeger/Cargo.toml;turbopack/crates/turbo-bincode/Cargo.toml;turbopack/crates/turbo-dyn-eq-hash/Cargo.toml;turbopack/crates/turbo-esregex/Cargo.toml;turbopack/crates/turbo-frozenmap/Cargo.toml;turbopack/crates/turbo-persistence-tools/Cargo.toml;turbopack/crates/turbo-persistence/Cargo.toml;turbopack/crates/turbo-prehash/Cargo.toml;turbopack/crates/turbo-rcstr-macros/Cargo.toml;turbopack/crates/turbo-rcstr/Cargo.toml;turbopack/crates/turbo-tasks-auto-hash-map/Cargo.toml;turbopack/crates/turbo-tasks-backend/Cargo.toml;turbopack/crates/turbo-tasks-backend/fuzz/Cargo.toml;turbopack/crates/turbo-tasks-bytes/Cargo.toml;turbopack/crates/turbo-tasks-env/Cargo.toml;turbopack/crates/turbo-tasks-fetch/Cargo.toml;turbopack/crates/turbo-tasks-fs/Cargo.toml;turbopack/crates/turbo-tasks-fuzz/Cargo.toml;turbopack/crates/turbo-tasks-hash/Cargo.toml;turbopack/crates/turbo-tasks-macros-tests/Cargo.toml;turbopack/crates/turbo-tasks-macros/Cargo.toml;turbopack/crates/turbo-tasks-malloc/Cargo.toml;turbopack/crates/turbo-tasks-testing/Cargo.toml;turbopack/crates/turbo-tasks/Cargo.toml;turbopack/crates/turbo-unix-path/Cargo.toml;turbopack/crates/turbopack-analyze/Cargo.toml;turbopack/crates/turbopack-bench/Cargo.toml;turbopack/crates/turbopack-browser/Cargo.toml;turbopack/crates/turbopack-cli-utils/Cargo.toml;turbopack/crates/turbopack-cli/Cargo.toml;turbopack/crates/turbopack-core/Cargo.toml;turbopack/crates/turbopack-create-test-app/Cargo.toml;turbopack/crates/turbopack-css/Cargo.toml;turbopack/crates/turbopack-dev-server/Cargo.toml;turbopack/crates/turbopack-ecmascript-hmr-protocol/Cargo.toml;turbopack/crates/turbopack-ecmascript-plugins/Cargo.toml;turbopack/crates/turbopack-ecmascript-runtime/Cargo.toml;turbopack/crates/turbopack-ecmascript/Cargo.toml;turbopack/crates/turbopack-env/Cargo.toml;turbopack/crates/turbopack-image/Cargo.toml;turbopack/crates/turbopack-lightningcss-napi/Cargo.toml;turbopack/crates/turbopack-mdx/Cargo.toml;turbopack/crates/turbopack-nft/Cargo.toml;turbopack/crates/turbopack-node/Cargo.toml;turbopack/crates/turbopack-nodejs/Cargo.toml;turbopack/crates/turbopack-resolve/Cargo.toml;turbopack/crates/turbopack-static/Cargo.toml;turbopack/crates/turbopack-swc-ast-explorer/Cargo.toml;turbopack/crates/turbopack-swc-utils/Cargo.toml;turbopack/crates/turbopack-test-utils/Cargo.toml;turbopack/crates/turbopack-tests/Cargo.toml;turbopack/crates/turbopack-trace-server/Cargo.toml;turbopack/crates/turbopack-trace-utils/Cargo.toml;turbopack/crates/turbopack-tracing/Cargo.toml;turbopack/crates/turbopack-wasm/Cargo.toml;turbopack/crates/turbopack/Cargo.toml;turbopack/xtask/Cargo.toml,Cargo.lock;crates/next-error-code-swc-plugin/Cargo.lock;rspack/Cargo.lock;scripts/send-trace-to-jaeger/Cargo.lock,"brief:lang,brief:cargo,brief:bridge,cargo.toml,cargo.lock,rust_loc"
pkg:npm/flow-parser,npm,flow-parser,npmjs.org,171865,468,27210548,last-month,0.328.0,2026-08-14T22:30:29.980Z,https://github.com/facebook/flow,22277,561335,1596104,"",0,1,111,rust_port/Cargo.toml;rust_port/crates/flow_aloc/Cargo.toml;rust_port/crates/flow_analysis/Cargo.toml;rust_port/crates/flow_cgroup/Cargo.toml;rust_port/crates/flow_check_cache/Cargo.toml;rust_port/crates/flow_cli/Cargo.toml;rust_port/crates/flow_codemods/Cargo.toml;rust_port/crates/flow_commands_connect/Cargo.toml;rust_port/crates/flow_common/Cargo.toml;rust_port/crates/flow_common_build_id/Cargo.toml;rust_port/crates/flow_common_cycle_hash/Cargo.toml;rust_port/crates/flow_common_errors/Cargo.toml;rust_port/crates/flow_common_exit/Cargo.toml;rust_port/crates/flow_common_exit_status/Cargo.toml;rust_port/crates/flow_common_leb128/Cargo.toml;rust_port/crates/flow_common_modulename/Cargo.toml;rust_port/crates/flow_common_semver/Cargo.toml;rust_port/crates/flow_common_socket/Cargo.toml;rust_port/crates/flow_common_tarjan/Cargo.toml;rust_port/crates/flow_common_transaction/Cargo.toml;rust_port/crates/flow_common_ty/Cargo.toml;rust_port/crates/flow_common_utils/Cargo.toml;rust_port/crates/flow_common_vcs/Cargo.toml;rust_port/crates/flow_common_xx/Cargo.toml;rust_port/crates/flow_config/Cargo.toml;rust_port/crates/flow_daemon/Cargo.toml;rust_port/crates/flow_data_structure_wrapper/Cargo.toml;rust_port/crates/flow_dev_tools/Cargo.toml;rust_port/crates/flow_dfind/Cargo.toml;rust_port/crates/flow_dot_js_wasm/Cargo.toml;rust_port/crates/flow_edenfs_watcher/Cargo.toml;rust_port/crates/flow_env_builder/Cargo.toml;rust_port/crates/flow_env_builder_resolver/Cargo.toml;rust_port/crates/flow_event_logger/Cargo.toml;rust_port/crates/flow_event_logger_common/Cargo.toml;rust_port/crates/flow_event_logger_lwt/Cargo.toml;rust_port/crates/flow_flowlib/Cargo.toml;rust_port/crates/flow_heap/Cargo.toml;rust_port/crates/flow_heap_serialization/Cargo.toml;rust_port/crates/flow_hh_json/Cargo.toml;rust_port/crates/flow_hh_logger/Cargo.toml;rust_port/crates/flow_imports_exports/Cargo.toml;rust_port/crates/flow_interaction_logger/Cargo.toml;rust_port/crates/flow_lazy/Cargo.toml;rust_port/crates/flow_lint_settings/Cargo.toml;rust_port/crates/flow_logging_utils/Cargo.toml;rust_port/crates/flow_lsp/Cargo.toml;rust_port/crates/flow_lsp_server/Cargo.toml;rust_port/crates/flow_lwt_sys_utils/Cargo.toml;rust_port/crates/flow_monitor_rpc/Cargo.toml;rust_port/crates/flow_packed_locs/Cargo.toml;rust_port/crates/flow_parser/Cargo.toml;rust_port/crates/flow_parser_utils/Cargo.toml;rust_port/crates/flow_parser_utils_output/Cargo.toml;rust_port/crates/flow_parser_wasm/Cargo.toml;rust_port/crates/flow_parsing/Cargo.toml;rust_port/crates/flow_print_signal/Cargo.toml;rust_port/crates/flow_procfs/Cargo.toml;rust_port/crates/flow_profiling/Cargo.toml;rust_port/crates/flow_saved_state/Cargo.toml;rust_port/crates/flow_saved_state_fetcher/Cargo.toml;rust_port/crates/flow_server/Cargo.toml;rust_port/crates/flow_server_command_handler/Cargo.toml;rust_port/crates/flow_server_env/Cargo.toml;rust_port/crates/flow_server_file_watcher_spec/Cargo.toml;rust_port/crates/flow_server_files/Cargo.toml;rust_port/crates/flow_server_monitor/Cargo.toml;rust_port/crates/flow_server_rechecker/Cargo.toml;rust_port/crates/flow_server_utils/Cargo.toml;rust_port/crates/flow_server_watchman_expression_terms/Cargo.toml;rust_port/crates/flow_services_autocomplete/Cargo.toml;rust_port/crates/flow_services_code_action/Cargo.toml;rust_port/crates/flow_services_coverage/Cargo.toml;rust_port/crates/flow_services_export/Cargo.toml;rust_port/crates/flow_services_export_index/Cargo.toml;rust_port/crates/flow_services_get_def/Cargo.toml;rust_port/crates/flow_services_inference/Cargo.toml;rust_port/crates/flow_services_inference_types/Cargo.toml;rust_port/crates/flow_services_jsx/Cargo.toml;rust_port/crates/flow_services_module/Cargo.toml;rust_port/crates/flow_services_references/Cargo.toml;rust_port/crates/flow_services_type_info/Cargo.toml;rust_port/crates/flow_services_type_of_name/Cargo.toml;rust_port/crates/flow_tokio_runtime/Cargo.toml;rust_port/crates/flow_type_sig/Cargo.toml;rust_port/crates/flow_typing/Cargo.toml;rust_port/crates/flow_typing_builtins/Cargo.toml;rust_port/crates/flow_typing_context/Cargo.toml;rust_port/crates/flow_typing_debug/Cargo.toml;rust_port/crates/flow_typing_default/Cargo.toml;rust_port/crates/flow_typing_errors/Cargo.toml;rust_port/crates/flow_typing_exists_check/Cargo.toml;rust_port/crates/flow_typing_flow_common/Cargo.toml;rust_port/crates/flow_typing_flow_js/Cargo.toml;rust_port/crates/flow_typing_generics/Cargo.toml;rust_port/crates/flow_typing_implicit_instantiation_check/Cargo.toml;rust_port/crates/flow_typing_key/Cargo.toml;rust_port/crates/flow_typing_loc_env/Cargo.toml;rust_port/crates/flow_typing_speculation_state/Cargo.toml;rust_port/crates/flow_typing_spread_cache/Cargo.toml;rust_port/crates/flow_typing_statement/Cargo.toml;rust_port/crates/flow_typing_tvar/Cargo.toml;rust_port/crates/flow_typing_ty_normalizer/Cargo.toml;rust_port/crates/flow_typing_type/Cargo.toml;rust_port/crates/flow_typing_utils/Cargo.toml;rust_port/crates/flow_typing_visitors/Cargo.toml;rust_port/crates/flow_utils_concurrency/Cargo.toml;rust_port/crates/flow_utils_find/Cargo.toml;rust_port/crates/flow_utils_tty/Cargo.toml;rust_port/crates/flow_utils_union_find/Cargo.toml;rust_port/crates/flow_watchman/Cargo.toml,rust_port/Cargo.lock,"brief:lang,brief:cargo,cargo.toml,cargo.lock,rust_loc"
pkg:npm/%40next/eslint-plugin-next,npm,@next/eslint-plugin-next,npmjs.org,168048,500,137309494,last-month,16.3.1,2026-08-13T22:36:21.823Z,https://github.com/vercel/next.js,141742,246058,1323575,napi-rs,0,1,70,Cargo.toml;crates/next-api/Cargo.toml;crates/next-build-test/Cargo.toml;crates/next-build/Cargo.toml;crates/next-code-frame/Cargo.toml;crates/next-core/Cargo.toml;crates/next-custom-transforms/Cargo.toml;crates/next-error-code-swc-plugin/Cargo.toml;crates/next-napi-bindings/Cargo.toml;crates/next-taskless/Cargo.toml;crates/wasm/Cargo.toml;rspack/Cargo.toml;rspack/crates/binding/Cargo.toml;scripts/send-trace-to-jaeger/Cargo.toml;turbopack/crates/turbo-bincode/Cargo.toml;turbopack/crates/turbo-dyn-eq-hash/Cargo.toml;turbopack/crates/turbo-esregex/Cargo.toml;turbopack/crates/turbo-frozenmap/Cargo.toml;turbopack/crates/turbo-persistence-tools/Cargo.toml;turbopack/crates/turbo-persistence/Cargo.toml;turbopack/crates/turbo-prehash/Cargo.toml;turbopack/crates/turbo-rcstr-macros/Cargo.toml;turbopack/crates/turbo-rcstr/Cargo.toml;turbopack/crates/turbo-tasks-auto-hash-map/Cargo.toml;turbopack/crates/turbo-tasks-backend/Cargo.toml;turbopack/crates/turbo-tasks-backend/fuzz/Cargo.toml;turbopack/crates/turbo-tasks-bytes/Cargo.toml;turbopack/crates/turbo-tasks-env/Cargo.toml;turbopack/crates/turbo-tasks-fetch/Cargo.toml;turbopack/crates/turbo-tasks-fs/Cargo.toml;turbopack/crates/turbo-tasks-fuzz/Cargo.toml;turbopack/crates/turbo-tasks-hash/Cargo.toml;turbopack/crates/turbo-tasks-macros-tests/Cargo.toml;turbopack/crates/turbo-tasks-macros/Cargo.toml;turbopack/crates/turbo-tasks-malloc/Cargo.toml;turbopack/crates/turbo-tasks-testing/Cargo.toml;turbopack/crates/turbo-tasks/Cargo.toml;turbopack/crates/turbo-unix-path/Cargo.toml;turbopack/crates/turbopack-analyze/Cargo.toml;turbopack/crates/turbopack-bench/Cargo.toml;turbopack/crates/turbopack-browser/Cargo.toml;turbopack/crates/turbopack-cli-utils/Cargo.toml;turbopack/crates/turbopack-cli/Cargo.toml;turbopack/crates/turbopack-core/Cargo.toml;turbopack/crates/turbopack-create-test-app/Cargo.toml;turbopack/crates/turbopack-css/Cargo.toml;turbopack/crates/turbopack-dev-server/Cargo.toml;turbopack/crates/turbopack-ecmascript-hmr-protocol/Cargo.toml;turbopack/crates/turbopack-ecmascript-plugins/Cargo.toml;turbopack/crates/turbopack-ecmascript-runtime/Cargo.toml;turbopack/crates/turbopack-ecmascript/Cargo.toml;turbopack/crates/turbopack-env/Cargo.toml;turbopack/crates/turbopack-image/Cargo.toml;turbopack/crates/turbopack-lightningcss-napi/Cargo.toml;turbopack/crates/turbopack-mdx/Cargo.toml;turbopack/crates/turbopack-nft/Cargo.toml;turbopack/crates/turbopack-node/Cargo.toml;turbopack/crates/turbopack-nodejs/Cargo.toml;turbopack/crates/turbopack-resolve/Cargo.toml;turbopack/crates/turbopack-static/Cargo.toml;turbopack/crates/turbopack-swc-ast-explorer/Cargo.toml;turbopack/crates/turbopack-swc-utils/Cargo.toml;turbopack/crates/turbopack-test-utils/Cargo.toml;turbopack/crates/turbopack-tests/Cargo.toml;turbopack/crates/turbopack-trace-server/Cargo.toml;turbopack/crates/turbopack-trace-utils/Cargo.toml;turbopack/crates/turbopack-tracing/Cargo.toml;turbopack/crates/turbopack-wasm/Cargo.toml;turbopack/crates/turbopack/Cargo.toml;turbopack/xtask/Cargo.toml,Cargo.lock;crates/next-error-code-swc-plugin/Cargo.lock;rspack/Cargo.lock;scripts/send-trace-to-jaeger/Cargo.lock,"brief:lang,brief:cargo,brief:bridge,cargo.toml,cargo.lock,rust_loc"
pkg:pypi/cryptography,pypi,cryptography,pypi.org,131580,3396,1484786562,last-month,50.0.0,2026-07-31T14:23:33.000Z,https://github.com/pyca/cryptography,7705,31474,329337,Maturin,0,1,9,Cargo.toml;src/rust/Cargo.toml;src/rust/cryptography-cffi/Cargo.toml;src/rust/cryptography-crypto/Cargo.toml;src/rust/cryptography-keepalive/Cargo.toml;src/rust/cryptography-key-parsing/Cargo.toml;src/rust/cryptography-openssl/Cargo.toml;src/rust/cryptography-x509-verification/Cargo.toml;src/rust/cryptography-x509/Cargo.toml,Cargo.lock,"brief:lang,brief:cargo,brief:bridge,cargo.toml,cargo.lock,rust_loc"
pkg:npm/%40next/react-refresh-utils,npm,@next/react-refresh-utils,npmjs.org,112079,44,487716,last-month,16.3.1,2026-08-13T22:34:07.394Z,https://github.com/vercel/next.js,141742,246058,1323575,napi-rs,0,1,70,Cargo.toml;crates/next-api/Cargo.toml;crates/next-build-test/Cargo.toml;crates/next-build/Cargo.toml;crates/next-code-frame/Cargo.toml;crates/next-core/Cargo.toml;crates/next-custom-transforms/Cargo.toml;crates/next-error-code-swc-plugin/Cargo.toml;crates/next-napi-bindings/Cargo.toml;crates/next-taskless/Cargo.toml;crates/wasm/Cargo.toml;rspack/Cargo.toml;rspack/crates/binding/Cargo.toml;scripts/send-trace-to-jaeger/Cargo.toml;turbopack/crates/turbo-bincode/Cargo.toml;turbopack/crates/turbo-dyn-eq-hash/Cargo.toml;turbopack/crates/turbo-esregex/Cargo.toml;turbopack/crates/turbo-frozenmap/Cargo.toml;turbopack/crates/turbo-persistence-tools/Cargo.toml;turbopack/crates/turbo-persistence/Cargo.toml;turbopack/crates/turbo-prehash/Cargo.toml;turbopack/crates/turbo-rcstr-macros/Cargo.toml;turbopack/crates/turbo-rcstr/Cargo.toml;turbopack/crates/turbo-tasks-auto-hash-map/Cargo.toml;turbopack/crates/turbo-tasks-backend/Cargo.toml;turbopack/crates/turbo-tasks-backend/fuzz/Cargo.toml;turbopack/crates/turbo-tasks-bytes/Cargo.toml;turbopack/crates/turbo-tasks-env/Cargo.toml;turbopack/crates/turbo-tasks-fetch/Cargo.toml;turbopack/crates/turbo-tasks-fs/Cargo.toml;turbopack/crates/turbo-tasks-fuzz/Cargo.toml;turbopack/crates/turbo-tasks-hash/Cargo.toml;turbopack/crates/turbo-tasks-macros-tests/Cargo.toml;turbopack/crates/turbo-tasks-macros/Cargo.toml;turbopack/crates/turbo-tasks-malloc/Cargo.toml;turbopack/crates/turbo-tasks-testing/Cargo.toml;turbopack/crates/turbo-tasks/Cargo.toml;turbopack/crates/turbo-unix-path/Cargo.toml;turbopack/crates/turbopack-analyze/Cargo.toml;turbopack/crates/turbopack-bench/Cargo.toml;turbopack/crates/turbopack-browser/Cargo.toml;turbopack/crates/turbopack-cli-utils/Cargo.toml;turbopack/crates/turbopack-cli/Cargo.toml;turbopack/crates/turbopack-core/Cargo.toml;turbopack/crates/turbopack-create-test-app/Cargo.toml;turbopack/crates/turbopack-css/Cargo.toml;turbopack/crates/turbopack-dev-server/Cargo.toml;turbopack/crates/turbopack-ecmascript-hmr-protocol/Cargo.toml;turbopack/crates/turbopack-ecmascript-plugins/Cargo.toml;turbopack/crates/turbopack-ecmascript-runtime/Cargo.toml;turbopack/crates/turbopack-ecmascript/Cargo.toml;turbopack/crates/turbopack-env/Cargo.toml;turbopack/crates/turbopack-image/Cargo.toml;turbopack/crates/turbopack-lightningcss-napi/Cargo.toml;turbopack/crates/turbopack-mdx/Cargo.toml;turbopack/crates/turbopack-nft/Cargo.toml;turbopack/crates/turbopack-node/Cargo.toml;turbopack/crates/turbopack-nodejs/Cargo.toml;turbopack/crates/turbopack-resolve/Cargo.toml;turbopack/crates/turbopack-static/Cargo.toml;turbopack/crates/turbopack-swc-ast-explorer/Cargo.toml;turbopack/crates/turbopack-swc-utils/Cargo.toml;turbopack/crates/turbopack-test-utils/Cargo.toml;turbopack/crates/turbopack-tests/Cargo.toml;turbopack/crates/turbopack-trace-server/Cargo.toml;turbopack/crates/turbopack-trace-utils/Cargo.toml;turbopack/crates/turbopack-tracing/Cargo.toml;turbopack/crates/turbopack-wasm/Cargo.toml;turbopack/crates/turbopack/Cargo.toml;turbopack/xtask/Cargo.toml,Cargo.lock;crates/next-error-code-swc-plugin/Cargo.lock;rspack/Cargo.lock;scripts/send-trace-to-jaeger/Cargo.lock,"brief:lang,brief:cargo,brief:bridge,cargo.toml,cargo.lock,rust_loc"
pkg:npm/react-reconciler,npm,react-reconciler,npmjs.org,110440,597,45486942,last-month,0.33.0,2025-10-01T21:39:00.081Z,https://github.com/react/react,247323,65038,813965,napi-rs,0,1,14,compiler/Cargo.toml;compiler/crates/react_compiler/Cargo.toml;compiler/crates/react_compiler_ast/Cargo.toml;compiler/crates/react_compiler_diagnostics/Cargo.toml;compiler/crates/react_compiler_hir/Cargo.toml;compiler/crates/react_compiler_inference/Cargo.toml;compiler/crates/react_compiler_lowering/Cargo.toml;compiler/crates/react_compiler_optimization/Cargo.toml;compiler/crates/react_compiler_reactive_scopes/Cargo.toml;compiler/crates/react_compiler_ssa/Cargo.toml;compiler/crates/react_compiler_typeinference/Cargo.toml;compiler/crates/react_compiler_utils/Cargo.toml;compiler/crates/react_compiler_validation/Cargo.toml;compiler/packages/babel-plugin-react-compiler-rust/native/Cargo.toml,compiler/Cargo.lock,"brief:lang,brief:cargo,brief:bridge,cargo.toml,cargo.lock,rust_loc"
pkg:npm/%40next/react-dev-overlay,npm,@next/react-dev-overlay,npmjs.org,106030,38,435133,last-month,14.1.4,2024-03-20T01:01:30.429Z,https://github.com/vercel/next.js,141742,246058,1323575,napi-rs,0,1,70,Cargo.toml;crates/next-api/Cargo.toml;crates/next-build-test/Cargo.toml;crates/next-build/Cargo.toml;crates/next-code-frame/Cargo.toml;crates/next-core/Cargo.toml;crates/next-custom-transforms/Cargo.toml;crates/next-error-code-swc-plugin/Cargo.toml;crates/next-napi-bindings/Cargo.toml;crates/next-taskless/Cargo.toml;crates/wasm/Cargo.toml;rspack/Cargo.toml;rspack/crates/binding/Cargo.toml;scripts/send-trace-to-jaeger/Cargo.toml;turbopack/crates/turbo-bincode/Cargo.toml;turbopack/crates/turbo-dyn-eq-hash/Cargo.toml;turbopack/crates/turbo-esregex/Cargo.toml;turbopack/crates/turbo-frozenmap/Cargo.toml;turbopack/crates/turbo-persistence-tools/Cargo.toml;turbopack/crates/turbo-persistence/Cargo.toml;turbopack/crates/turbo-prehash/Cargo.toml;turbopack/crates/turbo-rcstr-macros/Cargo.toml;turbopack/crates/turbo-rcstr/Cargo.toml;turbopack/crates/turbo-tasks-auto-hash-map/Cargo.toml;turbopack/crates/turbo-tasks-backend/Cargo.toml;turbopack/crates/turbo-tasks-backend/fuzz/Cargo.toml;turbopack/crates/turbo-tasks-bytes/Cargo.toml;turbopack/crates/turbo-tasks-env/Cargo.toml;turbopack/crates/turbo-tasks-fetch/Cargo.toml;turbopack/crates/turbo-tasks-fs/Cargo.toml;turbopack/crates/turbo-tasks-fuzz/Cargo.toml;turbopack/crates/turbo-tasks-hash/Cargo.toml;turbopack/crates/turbo-tasks-macros-tests/Cargo.toml;turbopack/crates/turbo-tasks-macros/Cargo.toml;turbopack/crates/turbo-tasks-malloc/Cargo.toml;turbopack/crates/turbo-tasks-testing/Cargo.toml;turbopack/crates/turbo-tasks/Cargo.toml;turbopack/crates/turbo-unix-path/Cargo.toml;turbopack/crates/turbopack-analyze/Cargo.toml;turbopack/crates/turbopack-bench/Cargo.toml;turbopack/crates/turbopack-browser/Cargo.toml;turbopack/crates/turbopack-cli-utils/Cargo.toml;turbopack/crates/turbopack-cli/Cargo.toml;turbopack/crates/turbopack-core/Cargo.toml;turbopack/crates/turbopack-create-test-app/Cargo.toml;turbopack/crates/turbopack-css/Cargo.toml;turbopack/crates/turbopack-dev-server/Cargo.toml;turbopack/crates/turbopack-ecmascript-hmr-protocol/Cargo.toml;turbopack/crates/turbopack-ecmascript-plugins/Cargo.toml;turbopack/crates/turbopack-ecmascript-runtime/Cargo.toml;turbopack/crates/turbopack-ecmascript/Cargo.toml;turbopack/crates/turbopack-env/Cargo.toml;turbopack/crates/turbopack-image/Cargo.toml;turbopack/crates/turbopack-lightningcss-napi/Cargo.toml;turbopack/crates/turbopack-mdx/Cargo.toml;turbopack/crates/turbopack-nft/Cargo.toml;turbopack/crates/turbopack-node/Cargo.toml;turbopack/crates/turbopack-nodejs/Cargo.toml;turbopack/crates/turbopack-resolve/Cargo.toml;turbopack/crates/turbopack-static/Cargo.toml;turbopack/crates/turbopack-swc-ast-explorer/Cargo.toml;turbopack/crates/turbopack-swc-utils/Cargo.toml;turbopack/crates/turbopack-test-utils/Cargo.toml;turbopack/crates/turbopack-tests/Cargo.toml;turbopack/crates/turbopack-trace-server/Cargo.toml;turbopack/crates/turbopack-trace-utils/Cargo.toml;turbopack/crates/turbopack-tracing/Cargo.toml;turbopack/crates/turbopack-wasm/Cargo.toml;turbopack/crates/turbopack/Cargo.toml;turbopack/xtask/Cargo.toml,Cargo.lock;crates/next-error-code-swc-plugin/Cargo.lock;rspack/Cargo.lock;scripts/send-trace-to-jaeger/Cargo.lock,"brief:lang,brief:cargo,brief:bridge,cargo.toml,cargo.lock,rust_loc"
pkg:maven/org.seleniumhq.selenium/selenium-java,maven,org.seleniumhq.selenium:selenium-java,repo1.maven.org,98124,1796,,,4.46.0,2026-07-11T00:45:00.000Z,https://github.com/seleniumhq/selenium,30616,9242,419542,"",1,1,1,rust/Cargo.toml,rust/Cargo.lock,"brief:lang,brief:cargo,cargo.toml,cargo.lock,rust_loc"
pkg:npm/hermes-parser,npm,hermes-parser,npmjs.org,92350,301,268962250,last-month,0.37.0,2026-07-14T20:10:08.961Z,https://github.com/facebook/hermes,9550,29588,1361762,"",0,1,21,unsupported/hermes/Cargo.toml;unsupported/hermes/crates/hermes_comments/Cargo.toml;unsupported/hermes/crates/hermes_diagnostics/Cargo.toml;unsupported/hermes/crates/hermes_estree/Cargo.toml;unsupported/hermes/crates/hermes_estree_codegen/Cargo.toml;unsupported/hermes/crates/hermes_parser/Cargo.toml;unsupported/hermes/crates/hermes_semantic_analysis/Cargo.toml;unsupported/hermes/crates/hermes_utils/Cargo.toml;unsupported/juno/Cargo.toml;unsupported/juno/crates/command_line/Cargo.toml;unsupported/juno/crates/flow_native/Cargo.toml;unsupported/juno/crates/hermes/Cargo.toml;unsupported/juno/crates/juno/Cargo.toml;unsupported/juno/crates/juno_ast/Cargo.toml;unsupported/juno/crates/juno_cli/Cargo.toml;unsupported/juno/crates/juno_eval/Cargo.toml;unsupported/juno/crates/juno_ir/Cargo.toml;unsupported/juno/crates/juno_pass/Cargo.toml;unsupported/juno/crates/juno_support/Cargo.toml;unsupported/juno/crates/libcplusplus/Cargo.toml;unsupported/juno/crates/lit/Cargo.toml,unsupported/hermes/Cargo.lock;unsupported/juno/Cargo.lock,"brief:lang,brief:cargo,cargo.toml,cargo.lock,rust_loc"
pkg:npm/%40next/polyfill-module,npm,@next/polyfill-module,npmjs.org,90210,33,440364,last-month,16.3.1,2026-08-13T22:33:46.997Z,https://github.com/vercel/next.js,141742,246058,1323575,napi-rs,0,1,70,Cargo.toml;crates/next-api/Cargo.toml;crates/next-build-test/Cargo.toml;crates/next-build/Cargo.toml;crates/next-code-frame/Cargo.toml;crates/next-core/Cargo.toml;crates/next-custom-transforms/Cargo.toml;crates/next-error-code-swc-plugin/Cargo.toml;crates/next-napi-bindings/Cargo.toml;crates/next-taskless/Cargo.toml;crates/wasm/Cargo.toml;rspack/Cargo.toml;rspack/crates/binding/Cargo.toml;scripts/send-trace-to-jaeger/Cargo.toml;turbopack/crates/turbo-bincode/Cargo.toml;turbopack/crates/turbo-dyn-eq-hash/Cargo.toml;turbopack/crates/turbo-esregex/Cargo.toml;turbopack/crates/turbo-frozenmap/Cargo.toml;turbopack/crates/turbo-persistence-tools/Cargo.toml;turbopack/crates/turbo-persistence/Cargo.toml;turbopack/crates/turbo-prehash/Cargo.toml;turbopack/crates/turbo-rcstr-macros/Cargo.toml;turbopack/crates/turbo-rcstr/Cargo.toml;turbopack/crates/turbo-tasks-auto-hash-map/Cargo.toml;turbopack/crates/turbo-tasks-backend/Cargo.toml;turbopack/crates/turbo-tasks-backend/fuzz/Cargo.toml;turbopack/crates/turbo-tasks-bytes/Cargo.toml;turbopack/crates/turbo-tasks-env/Cargo.toml;turbopack/crates/turbo-tasks-fetch/Cargo.toml;turbopack/crates/turbo-tasks-fs/Cargo.toml;turbopack/crates/turbo-tasks-fuzz/Cargo.toml;turbopack/crates/turbo-tasks-hash/Cargo.toml;turbopack/crates/turbo-tasks-macros-tests/Cargo.toml;turbopack/crates/turbo-tasks-macros/Cargo.toml;turbopack/crates/turbo-tasks-malloc/Cargo.toml;turbopack/crates/turbo-tasks-testing/Cargo.toml;turbopack/crates/turbo-tasks/Cargo.toml;turbopack/crates/turbo-unix-path/Cargo.toml;turbopack/crates/turbopack-analyze/Cargo.toml;turbopack/crates/turbopack-bench/Cargo.toml;turbopack/crates/turbopack-browser/Cargo.toml;turbopack/crates/turbopack-cli-utils/Cargo.toml;turbopack/crates/turbopack-cli/Cargo.toml;turbopack/crates/turbopack-core/Cargo.toml;turbopack/crates/turbopack-create-test-app/Cargo.toml;turbopack/crates/turbopack-css/Cargo.toml;turbopack/crates/turbopack-dev-server/Cargo.toml;turbopack/crates/turbopack-ecmascript-hmr-protocol/Cargo.toml;turbopack/crates/turbopack-ecmascript-plugins/Cargo.toml;turbopack/crates/turbopack-ecmascript-runtime/Cargo.toml;turbopack/crates/turbopack-ecmascript/Cargo.toml;turbopack/crates/turbopack-env/Cargo.toml;turbopack/crates/turbopack-image/Cargo.toml;turbopack/crates/turbopack-lightningcss-napi/Cargo.toml;turbopack/crates/turbopack-mdx/Cargo.toml;turbopack/crates/turbopack-nft/Cargo.toml;turbopack/crates/turbopack-node/Cargo.toml;turbopack/crates/turbopack-nodejs/Cargo.toml;turbopack/crates/turbopack-resolve/Cargo.toml;turbopack/crates/turbopack-static/Cargo.toml;turbopack/crates/turbopack-swc-ast-explorer/Cargo.toml;turbopack/crates/turbopack-swc-utils/Cargo.toml;turbopack/crates/turbopack-test-utils/Cargo.toml;turbopack/crates/turbopack-tests/Cargo.toml;turbopack/crates/turbopack-trace-server/Cargo.toml;turbopack/crates/turbopack-trace-utils/Cargo.toml;turbopack/crates/turbopack-tracing/Cargo.toml;turbopack/crates/turbopack-wasm/Cargo.toml;turbopack/crates/turbopack/Cargo.toml;turbopack/xtask/Cargo.toml,Cargo.lock;crates/next-error-code-swc-plugin/Cargo.lock;rspack/Cargo.lock;scripts/send-trace-to-jaeger/Cargo.lock,"brief:lang,brief:cargo,brief:bridge,cargo.toml,cargo.lock,rust_loc"
pkg:npm/%40parcel/utils,npm,@parcel/utils,npmjs.org,89249,174,5161129,last-month,2.16.4,2026-02-02T03:52:47.262Z,https://github.com/parcel-bundler/parcel,44025,27201,199104,napi-rs,0,1,8,Cargo.toml;crates/core/Cargo.toml;crates/dev-dep-resolver/Cargo.toml;crates/html/Cargo.toml;crates/macros/Cargo.toml;crates/node-bindings/Cargo.toml;crates/parcel-resolver/Cargo.toml;packages/transformers/js/core/Cargo.toml,Cargo.lock,"brief:lang,brief:cargo,brief:bridge,cargo.toml,cargo.lock,rust_loc"
pkg:npm/%40parcel/logger,npm,@parcel/logger,npmjs.org,89232,51,5142802,last-month,2.16.4,2026-02-02T03:52:45.416Z,https://github.com/parcel-bundler/parcel,44025,27201,199104,napi-rs,0,1,8,Cargo.toml;crates/core/Cargo.toml;crates/dev-dep-resolver/Cargo.toml;crates/html/Cargo.toml;crates/macros/Cargo.toml;crates/node-bindings/Cargo.toml;crates/parcel-resolver/Cargo.toml;packages/transformers/js/core/Cargo.toml,Cargo.lock,"brief:lang,brief:cargo,brief:bridge,cargo.toml,cargo.lock,rust_loc"
pkg:npm/%40parcel/workers,npm,@parcel/workers,npmjs.org,89223,32,7718016,last-month,2.16.4,2026-02-02T03:52:48.905Z,https://github.com/parcel-bundler/parcel,44025,27201,199104,napi-rs,0,1,8,Cargo.toml;crates/core/Cargo.toml;crates/dev-dep-resolver/Cargo.toml;crates/html/Cargo.toml;crates/macros/Cargo.toml;crates/node-bindings/Cargo.toml;crates/parcel-resolver/Cargo.toml;packages/transformers/js/core/Cargo.toml,Cargo.lock,"brief:lang,brief:cargo,brief:bridge,cargo.toml,cargo.lock,rust_loc"
pkg:npm/%40parcel/fs,npm,@parcel/fs,npmjs.org,89222,64,7187909,last-month,2.16.4,2026-02-02T03:52:50.590Z,https://github.com/parcel-bundler/parcel,44025,27201,199104,napi-rs,0,1,8,Cargo.toml;crates/core/Cargo.toml;crates/dev-dep-resolver/Cargo.toml;crates/html/Cargo.toml;crates/macros/Cargo.toml;crates/node-bindings/Cargo.toml;crates/parcel-resolver/Cargo.toml;packages/transformers/js/core/Cargo.toml,Cargo.lock,"brief:lang,brief:cargo,brief:bridge,cargo.toml,cargo.lock,rust_loc"
pkg:npm/hermes-estree,npm,hermes-estree,npmjs.org,87133,265,268343980,last-month,0.37.0,2026-07-14T20:09:54.818Z,https://github.com/facebook/hermes,9550,29588,1361762,"",0,1,21,unsupported/hermes/Cargo.toml;unsupported/hermes/crates/hermes_comments/Cargo.toml;unsupported/hermes/crates/hermes_diagnostics/Cargo.toml;unsupported/hermes/crates/hermes_estree/Cargo.toml;unsupported/hermes/crates/hermes_estree_codegen/Cargo.toml;unsupported/hermes/crates/hermes_parser/Cargo.toml;unsupported/hermes/crates/hermes_semantic_analysis/Cargo.toml;unsupported/hermes/crates/hermes_utils/Cargo.toml;unsupported/juno/Cargo.toml;unsupported/juno/crates/command_line/Cargo.toml;unsupported/juno/crates/flow_native/Cargo.toml;unsupported/juno/crates/hermes/Cargo.toml;unsupported/juno/crates/juno/Cargo.toml;unsupported/juno/crates/juno_ast/Cargo.toml;unsupported/juno/crates/juno_cli/Cargo.toml;unsupported/juno/crates/juno_eval/Cargo.toml;unsupported/juno/crates/juno_ir/Cargo.toml;unsupported/juno/crates/juno_pass/Cargo.toml;unsupported/juno/crates/juno_support/Cargo.toml;unsupported/juno/crates/libcplusplus/Cargo.toml;unsupported/juno/crates/lit/Cargo.toml,unsupported/hermes/Cargo.lock;unsupported/juno/Cargo.lock,"brief:lang,brief:cargo,cargo.toml,cargo.lock,rust_loc"
pkg:npm/relay-runtime,npm,relay-runtime,npmjs.org,76213,210,20543784,last-month,21.0.1,2026-05-27T16:56:43.185Z,https://github.com/facebook/relay,18046,146976,703088,"",0,1,48,compiler/Cargo.toml;compiler/crates/common/Cargo.toml;compiler/crates/dependency-analyzer/Cargo.toml;compiler/crates/docblock-shared/Cargo.toml;compiler/crates/docblock-syntax/Cargo.toml;compiler/crates/errors/Cargo.toml;compiler/crates/extract-graphql/Cargo.toml;compiler/crates/fixture-tests/Cargo.toml;compiler/crates/graphql-cli/Cargo.toml;compiler/crates/graphql-ir-diff/Cargo.toml;compiler/crates/graphql-ir-validations/Cargo.toml;compiler/crates/graphql-ir/Cargo.toml;compiler/crates/graphql-syntax/Cargo.toml;compiler/crates/graphql-test-helpers/Cargo.toml;compiler/crates/graphql-text-printer/Cargo.toml;compiler/crates/graphql-watchman/Cargo.toml;compiler/crates/intern/Cargo.toml;compiler/crates/interner/Cargo.toml;compiler/crates/js-config-loader/Cargo.toml;compiler/crates/persist-query/Cargo.toml;compiler/crates/prettier-format/Cargo.toml;compiler/crates/program-with-dependencies/Cargo.toml;compiler/crates/project-fixture/Cargo.toml;compiler/crates/relay-bin/Cargo.toml;compiler/crates/relay-codegen/Cargo.toml;compiler/crates/relay-codemod/Cargo.toml;compiler/crates/relay-compiler-playground/Cargo.toml;compiler/crates/relay-compiler/Cargo.toml;compiler/crates/relay-config/Cargo.toml;compiler/crates/relay-docblock/Cargo.toml;compiler/crates/relay-lsp/Cargo.toml;compiler/crates/relay-saved-state-loader/Cargo.toml;compiler/crates/relay-schema-generation/Cargo.toml;compiler/crates/relay-schema/Cargo.toml;compiler/crates/relay-test-schema/Cargo.toml;compiler/crates/relay-transforms/Cargo.toml;compiler/crates/relay-typegen/Cargo.toml;compiler/crates/resolution-path/Cargo.toml;compiler/crates/schema-coordinates/Cargo.toml;compiler/crates/schema-diff/Cargo.toml;compiler/crates/schema-documentation/Cargo.toml;compiler/crates/schema-extractor/Cargo.toml;compiler/crates/schema-flatbuffer/Cargo.toml;compiler/crates/schema-print/Cargo.toml;compiler/crates/schema-set/Cargo.toml;compiler/crates/schema-validate/Cargo.toml;compiler/crates/schema/Cargo.toml;compiler/crates/signedsource/Cargo.toml,compiler/Cargo.lock;compiler/crates/intern/Cargo.lock,"brief:lang,brief:cargo,cargo.toml,cargo.lock,rust_loc"
pkg:npm/%40swc/core,npm,@swc/core,npmjs.org,69112,7514,158102699,last-month,1.16.0,2026-08-14T17:23:06.016Z,https://github.com/swc-project/swc,29915,715139,7693977,napi-rs,0,1,134,Cargo.toml;bindings/binding_core_node/Cargo.toml;bindings/binding_core_wasm/Cargo.toml;bindings/binding_es_ast_viewer/Cargo.toml;bindings/binding_html_node/Cargo.toml;bindings/binding_html_wasm/Cargo.toml;bindings/binding_minifier_node/Cargo.toml;bindings/binding_minifier_wasm/Cargo.toml;bindings/binding_nodejs_support_wasm/Cargo.toml;bindings/binding_react_compiler_node/Cargo.toml;bindings/binding_typescript_wasm/Cargo.toml;bindings/swc_cli/Cargo.toml;crates/ast_node/Cargo.toml;crates/better_scoped_tls/Cargo.toml;crates/binding_macros/Cargo.toml;crates/dbg-swc/Cargo.toml;crates/from_variant/Cargo.toml;crates/hstr/Cargo.toml;crates/jsdoc/Cargo.toml;crates/preset_env_base/Cargo.toml;crates/string_enum/Cargo.toml;crates/swc-ast-explorer/Cargo.toml;crates/swc/Cargo.toml;crates/swc_allocator/Cargo.toml;crates/swc_arena/Cargo.toml;crates/swc_atoms/Cargo.toml;crates/swc_bundler/Cargo.toml;crates/swc_cli_impl/Cargo.toml;crates/swc_common/Cargo.toml;crates/swc_compiler_base/Cargo.toml;crates/swc_config/Cargo.toml;crates/swc_config_macro/Cargo.toml;crates/swc_core/Cargo.toml;crates/swc_css/Cargo.toml;crates/swc_css_ast/Cargo.toml;crates/swc_css_codegen/Cargo.toml;crates/swc_css_codegen_macros/Cargo.toml;crates/swc_css_compat/Cargo.toml;crates/swc_css_lints/Cargo.toml;crates/swc_css_minifier/Cargo.toml;crates/swc_css_modules/Cargo.toml;crates/swc_css_parser/Cargo.toml;crates/swc_css_prefixer/Cargo.toml;crates/swc_css_utils/Cargo.toml;crates/swc_css_visit/Cargo.toml;crates/swc_ecma_ast/Cargo.toml;crates/swc_ecma_codegen/Cargo.toml;crates/swc_ecma_codegen_macros/Cargo.toml;crates/swc_ecma_compat_bugfixes/Cargo.toml;crates/swc_ecma_compat_common/Cargo.toml;crates/swc_ecma_compat_es2015/Cargo.toml;crates/swc_ecma_compat_es2016/Cargo.toml;crates/swc_ecma_compat_es2017/Cargo.toml;crates/swc_ecma_compat_es2018/Cargo.toml;crates/swc_ecma_compat_es2019/Cargo.toml;crates/swc_ecma_compat_es2020/Cargo.toml;crates/swc_ecma_compat_es2021/Cargo.toml;crates/swc_ecma_compat_es2022/Cargo.toml;crates/swc_ecma_compat_es3/Cargo.toml;crates/swc_ecma_compat_regexp/Cargo.toml;crates/swc_ecma_ext_transforms/Cargo.toml;crates/swc_ecma_hooks/Cargo.toml;crates/swc_ecma_lexer/Cargo.toml;crates/swc_ecma_lints/Cargo.toml;crates/swc_ecma_loader/Cargo.toml;crates/swc_ecma_minifier/Cargo.toml;crates/swc_ecma_minifier/fuzz/Cargo.toml;crates/swc_ecma_parser/Cargo.toml;crates/swc_ecma_preset_env/Cargo.toml;crates/swc_ecma_quote/Cargo.toml;crates/swc_ecma_quote_macros/Cargo.toml;crates/swc_ecma_react_compiler/Cargo.toml;crates/swc_ecma_regexp/Cargo.toml;crates/swc_ecma_regexp_ast/Cargo.toml;crates/swc_ecma_regexp_common/Cargo.toml;crates/swc_ecma_regexp_visit/Cargo.toml;crates/swc_ecma_testing/Cargo.toml;crates/swc_ecma_transformer/Cargo.toml;crates/swc_ecma_transforms/Cargo.toml;crates/swc_ecma_transforms_base/Cargo.toml;crates/swc_ecma_transforms_classes/Cargo.toml;crates/swc_ecma_transforms_compat/Cargo.toml;crates/swc_ecma_transforms_macros/Cargo.toml;crates/swc_ecma_transforms_module/Cargo.toml;crates/swc_ecma_transforms_optimization/Cargo.toml;crates/swc_ecma_transforms_proposal/Cargo.toml;crates/swc_ecma_transforms_react/Cargo.toml;crates/swc_ecma_transforms_testing/Cargo.toml;crates/swc_ecma_transforms_typescript/Cargo.toml;crates/swc_ecma_utils/Cargo.toml;crates/swc_ecma_visit/Cargo.toml;crates/swc_ecmascript/Cargo.toml;crates/swc_eq_ignore_macros/Cargo.toml;crates/swc_error_reporters/Cargo.toml;crates/swc_estree_ast/Cargo.toml;crates/swc_estree_compat/Cargo.toml;crates/swc_graph_analyzer/Cargo.toml;crates/swc_html/Cargo.toml;crates/swc_html_ast/Cargo.toml;crates/swc_html_codegen/Cargo.toml;crates/swc_html_codegen_macros/Cargo.toml;crates/swc_html_minifier/Cargo.toml;crates/swc_html_parser/Cargo.toml;crates/swc_html_utils/Cargo.toml;crates/swc_html_visit/Cargo.toml;crates/swc_macros_common/Cargo.toml;crates/swc_malloc/Cargo.toml;crates/swc_node_bundler/Cargo.toml;crates/swc_node_comments/Cargo.toml;crates/swc_nodejs_common/Cargo.toml;crates/swc_plugin/Cargo.toml;crates/swc_plugin_backend_tests/Cargo.toml;crates/swc_plugin_backend_wasmer/Cargo.toml;crates/swc_plugin_backend_wasmtime/Cargo.toml;crates/swc_plugin_macro/Cargo.toml;crates/swc_plugin_proxy/Cargo.toml;crates/swc_plugin_runner/Cargo.toml;crates/swc_sourcemap/Cargo.toml;crates/swc_transform_common/Cargo.toml;crates/swc_ts_fast_strip/Cargo.toml;crates/swc_ts_fast_strip_binding/Cargo.toml;crates/swc_typescript/Cargo.toml;crates/swc_visit/Cargo.toml;crates/swc_xml/Cargo.toml;crates/swc_xml_ast/Cargo.toml;crates/swc_xml_codegen/Cargo.toml;crates/swc_xml_codegen_macros/Cargo.toml;crates/swc_xml_parser/Cargo.toml;crates/swc_xml_visit/Cargo.toml;crates/testing/Cargo.toml;crates/testing_macros/Cargo.toml;tools/generate-code/Cargo.toml;tools/swc-releaser/Cargo.toml;xtask/Cargo.toml,Cargo.lock;crates/swc_ecma_minifier/fuzz/Cargo.lock,"brief:lang,brief:cargo,brief:bridge,cargo.toml,cargo.lock,rust_loc"
pkg:pypi/selenium,pypi,selenium,pypi.org,62210,1518,56217511,last-month,4.47.0,2026-08-10T17:54:09.000Z,https://github.com/seleniumhq/selenium,30616,9242,419542,"",1,1,1,rust/Cargo.toml,rust/Cargo.lock,"brief:lang,brief:cargo,cargo.toml,cargo.lock,rust_loc"
pkg:npm/parcel-bundler,npm,parcel-bundler,npmjs.org,61051,6338,213253,last-month,1.12.5,2021-03-16T02:26:36.900Z,https://github.com/parcel-bundler/parcel,44025,27201,199104,napi-rs,0,1,8,Cargo.toml;crates/core/Cargo.toml;crates/dev-dep-resolver/Cargo.toml;crates/html/Cargo.toml;crates/macros/Cargo.toml;crates/node-bindings/Cargo.toml;crates/parcel-resolver/Cargo.toml;packages/transformers/js/core/Cargo.toml,Cargo.lock,"brief:lang,brief:cargo,brief:bridge,cargo.toml,cargo.lock,rust_loc"
pkg:npm/react-intl,npm,react-intl,npmjs.org,57947,3650,12670825,last-month,10.1.22,2026-08-16T16:11:18.621Z,https://github.com/formatjs/formatjs,14742,18653,171106,napi-rs,0,1,9,Cargo.toml;crates/formatjs_cli/Cargo.toml;crates/formatjs_cli_napi/Cargo.toml;crates/formatjs_intl/Cargo.toml;crates/formatjs_intl_macros/Cargo.toml;crates/icu_messageformat/Cargo.toml;crates/icu_messageformat_parser/Cargo.toml;crates/icu_skeleton_parser/Cargo.toml;packages/icu-messageformat-parser/integration-tests/Cargo.toml,Cargo.lock,"brief:lang,brief:cargo,brief:bridge,cargo.toml,cargo.lock,rust_loc"
pkg:npm/%40swc/core-win32-x64-msvc,npm,@swc/core-win32-x64-msvc,npmjs.org,57360,4,10981905,last-month,1.16.0,2026-08-14T17:26:47.038Z,https://github.com/swc-project/swc,29915,715139,7693977,napi-rs,0,1,134,Cargo.toml;bindings/binding_core_node/Cargo.toml;bindings/binding_core_wasm/Cargo.toml;bindings/binding_es_ast_viewer/Cargo.toml;bindings/binding_html_node/Cargo.toml;bindings/binding_html_wasm/Cargo.toml;bindings/binding_minifier_node/Cargo.toml;bindings/binding_minifier_wasm/Cargo.toml;bindings/binding_nodejs_support_wasm/Cargo.toml;bindings/binding_react_compiler_node/Cargo.toml;bindings/binding_typescript_wasm/Cargo.toml;bindings/swc_cli/Cargo.toml;crates/ast_node/Cargo.toml;crates/better_scoped_tls/Cargo.toml;crates/binding_macros/Cargo.toml;crates/dbg-swc/Cargo.toml;crates/from_variant/Cargo.toml;crates/hstr/Cargo.toml;crates/jsdoc/Cargo.toml;crates/preset_env_base/Cargo.toml;crates/string_enum/Cargo.toml;crates/swc-ast-explorer/Cargo.toml;crates/swc/Cargo.toml;crates/swc_allocator/Cargo.toml;crates/swc_arena/Cargo.toml;crates/swc_atoms/Cargo.toml;crates/swc_bundler/Cargo.toml;crates/swc_cli_impl/Cargo.toml;crates/swc_common/Cargo.toml;crates/swc_compiler_base/Cargo.toml;crates/swc_config/Cargo.toml;crates/swc_config_macro/Cargo.toml;crates/swc_core/Cargo.toml;crates/swc_css/Cargo.toml;crates/swc_css_ast/Cargo.toml;crates/swc_css_codegen/Cargo.toml;crates/swc_css_codegen_macros/Cargo.toml;crates/swc_css_compat/Cargo.toml;crates/swc_css_lints/Cargo.toml;crates/swc_css_minifier/Cargo.toml;crates/swc_css_modules/Cargo.toml;crates/swc_css_parser/Cargo.toml;crates/swc_css_prefixer/Cargo.toml;crates/swc_css_utils/Cargo.toml;crates/swc_css_visit/Cargo.toml;crates/swc_ecma_ast/Cargo.toml;crates/swc_ecma_codegen/Cargo.toml;crates/swc_ecma_codegen_macros/Cargo.toml;crates/swc_ecma_compat_bugfixes/Cargo.toml;crates/swc_ecma_compat_common/Cargo.toml;crates/swc_ecma_compat_es2015/Cargo.toml;crates/swc_ecma_compat_es2016/Cargo.toml;crates/swc_ecma_compat_es2017/Cargo.toml;crates/swc_ecma_compat_es2018/Cargo.toml;crates/swc_ecma_compat_es2019/Cargo.toml;crates/swc_ecma_compat_es2020/Cargo.toml;crates/swc_ecma_compat_es2021/Cargo.toml;crates/swc_ecma_compat_es2022/Cargo.toml;crates/swc_ecma_compat_es3/Cargo.toml;crates/swc_ecma_compat_regexp/Cargo.toml;crates/swc_ecma_ext_transforms/Cargo.toml;crates/swc_ecma_hooks/Cargo.toml;crates/swc_ecma_lexer/Cargo.toml;crates/swc_ecma_lints/Cargo.toml;crates/swc_ecma_loader/Cargo.toml;crates/swc_ecma_minifier/Cargo.toml;crates/swc_ecma_minifier/fuzz/Cargo.toml;crates/swc_ecma_parser/Cargo.toml;crates/swc_ecma_preset_env/Cargo.toml;crates/swc_ecma_quote/Cargo.toml;crates/swc_ecma_quote_macros/Cargo.toml;crates/swc_ecma_react_compiler/Cargo.toml;crates/swc_ecma_regexp/Cargo.toml;crates/swc_ecma_regexp_ast/Cargo.toml;crates/swc_ecma_regexp_common/Cargo.toml;crates/swc_ecma_regexp_visit/Cargo.toml;crates/swc_ecma_testing/Cargo.toml;crates/swc_ecma_transformer/Cargo.toml;crates/swc_ecma_transforms/Cargo.toml;crates/swc_ecma_transforms_base/Cargo.toml;crates/swc_ecma_transforms_classes/Cargo.toml;crates/swc_ecma_transforms_compat/Cargo.toml;crates/swc_ecma_transforms_macros/Cargo.toml;crates/swc_ecma_transforms_module/Cargo.toml;crates/swc_ecma_transforms_optimization/Cargo.toml;crates/swc_ecma_transforms_proposal/Cargo.toml;crates/swc_ecma_transforms_react/Cargo.toml;crates/swc_ecma_transforms_testing/Cargo.toml;crates/swc_ecma_transforms_typescript/Cargo.toml;crates/swc_ecma_utils/Cargo.toml;crates/swc_ecma_visit/Cargo.toml;crates/swc_ecmascript/Cargo.toml;crates/swc_eq_ignore_macros/Cargo.toml;crates/swc_error_reporters/Cargo.toml;crates/swc_estree_ast/Cargo.toml;crates/swc_estree_compat/Cargo.toml;crates/swc_graph_analyzer/Cargo.toml;crates/swc_html/Cargo.toml;crates/swc_html_ast/Cargo.toml;crates/swc_html_codegen/Cargo.toml;crates/swc_html_codegen_macros/Cargo.toml;crates/swc_html_minifier/Cargo.toml;crates/swc_html_parser/Cargo.toml;crates/swc_html_utils/Cargo.toml;crates/swc_html_visit/Cargo.toml;crates/swc_macros_common/Cargo.toml;crates/swc_malloc/Cargo.toml;crates/swc_node_bundler/Cargo.toml;crates/swc_node_comments/Cargo.toml;crates/swc_nodejs_common/Cargo.toml;crates/swc_plugin/Cargo.toml;crates/swc_plugin_backend_tests/Cargo.toml;crates/swc_plugin_backend_wasmer/Cargo.toml;crates/swc_plugin_backend_wasmtime/Cargo.toml;crates/swc_plugin_macro/Cargo.toml;crates/swc_plugin_proxy/Cargo.toml;crates/swc_plugin_runner/Cargo.toml;crates/swc_sourcemap/Cargo.toml;crates/swc_transform_common/Cargo.toml;crates/swc_ts_fast_strip/Cargo.toml;crates/swc_ts_fast_strip_binding/Cargo.toml;crates/swc_typescript/Cargo.toml;crates/swc_visit/Cargo.toml;crates/swc_xml/Cargo.toml;crates/swc_xml_ast/Cargo.toml;crates/swc_xml_codegen/Cargo.toml;crates/swc_xml_codegen_macros/Cargo.toml;crates/swc_xml_parser/Cargo.toml;crates/swc_xml_visit/Cargo.toml;crates/testing/Cargo.toml;crates/testing_macros/Cargo.toml;tools/generate-code/Cargo.toml;tools/swc-releaser/Cargo.toml;xtask/Cargo.toml,Cargo.lock;crates/swc_ecma_minifier/fuzz/Cargo.lock,"brief:lang,brief:cargo,brief:bridge,cargo.toml,cargo.lock,rust_loc"
pkg:npm/rustbn.js,npm,rustbn.js,npmjs.org,57347,81,456414,last-month,0.3.0,2023-05-23T11:19:27.584Z,https://github.com/ethereumjs/rustbn.js,19,59,583,"",0,0,1,Cargo.toml,"","brief:lang,brief:cargo,cargo.toml,rust_loc"
pkg:npm/%40swc/core-darwin-arm64,npm,@swc/core-darwin-arm64,npmjs.org,57114,11,11964016,last-month,1.16.0,2026-08-14T17:27:20.739Z,https://github.com/swc-project/swc,29915,715139,7693977,napi-rs,0,1,134,Cargo.toml;bindings/binding_core_node/Cargo.toml;bindings/binding_core_wasm/Cargo.toml;bindings/binding_es_ast_viewer/Cargo.toml;bindings/binding_html_node/Cargo.toml;bindings/binding_html_wasm/Cargo.toml;bindings/binding_minifier_node/Cargo.toml;bindings/binding_minifier_wasm/Cargo.toml;bindings/binding_nodejs_support_wasm/Cargo.toml;bindings/binding_react_compiler_node/Cargo.toml;bindings/binding_typescript_wasm/Cargo.toml;bindings/swc_cli/Cargo.toml;crates/ast_node/Cargo.toml;crates/better_scoped_tls/Cargo.toml;crates/binding_macros/Cargo.toml;crates/dbg-swc/Cargo.toml;crates/from_variant/Cargo.toml;crates/hstr/Cargo.toml;crates/jsdoc/Cargo.toml;crates/preset_env_base/Cargo.toml;crates/string_enum/Cargo.toml;crates/swc-ast-explorer/Cargo.toml;crates/swc/Cargo.toml;crates/swc_allocator/Cargo.toml;crates/swc_arena/Cargo.toml;crates/swc_atoms/Cargo.toml;crates/swc_bundler/Cargo.toml;crates/swc_cli_impl/Cargo.toml;crates/swc_common/Cargo.toml;crates/swc_compiler_base/Cargo.toml;crates/swc_config/Cargo.toml;crates/swc_config_macro/Cargo.toml;crates/swc_core/Cargo.toml;crates/swc_css/Cargo.toml;crates/swc_css_ast/Cargo.toml;crates/swc_css_codegen/Cargo.toml;crates/swc_css_codegen_macros/Cargo.toml;crates/swc_css_compat/Cargo.toml;crates/swc_css_lints/Cargo.toml;crates/swc_css_minifier/Cargo.toml;crates/swc_css_modules/Cargo.toml;crates/swc_css_parser/Cargo.toml;crates/swc_css_prefixer/Cargo.toml;crates/swc_css_utils/Cargo.toml;crates/swc_css_visit/Cargo.toml;crates/swc_ecma_ast/Cargo.toml;crates/swc_ecma_codegen/Cargo.toml;crates/swc_ecma_codegen_macros/Cargo.toml;crates/swc_ecma_compat_bugfixes/Cargo.toml;crates/swc_ecma_compat_common/Cargo.toml;crates/swc_ecma_compat_es2015/Cargo.toml;crates/swc_ecma_compat_es2016/Cargo.toml;crates/swc_ecma_compat_es2017/Cargo.toml;crates/swc_ecma_compat_es2018/Cargo.toml;crates/swc_ecma_compat_es2019/Cargo.toml;crates/swc_ecma_compat_es2020/Cargo.toml;crates/swc_ecma_compat_es2021/Cargo.toml;crates/swc_ecma_compat_es2022/Cargo.toml;crates/swc_ecma_compat_es3/Cargo.toml;crates/swc_ecma_compat_regexp/Cargo.toml;crates/swc_ecma_ext_transforms/Cargo.toml;crates/swc_ecma_hooks/Cargo.toml;crates/swc_ecma_lexer/Cargo.toml;crates/swc_ecma_lints/Cargo.toml;crates/swc_ecma_loader/Cargo.toml;crates/swc_ecma_minifier/Cargo.toml;crates/swc_ecma_minifier/fuzz/Cargo.toml;crates/swc_ecma_parser/Cargo.toml;crates/swc_ecma_preset_env/Cargo.toml;crates/swc_ecma_quote/Cargo.toml;crates/swc_ecma_quote_macros/Cargo.toml;crates/swc_ecma_react_compiler/Cargo.toml;crates/swc_ecma_regexp/Cargo.toml;crates/swc_ecma_regexp_ast/Cargo.toml;crates/swc_ecma_regexp_common/Cargo.toml;crates/swc_ecma_regexp_visit/Cargo.toml;crates/swc_ecma_testing/Cargo.toml;crates/swc_ecma_transformer/Cargo.toml;crates/swc_ecma_transforms/Cargo.toml;crates/swc_ecma_transforms_base/Cargo.toml;crates/swc_ecma_transforms_classes/Cargo.toml;crates/swc_ecma_transforms_compat/Cargo.toml;crates/swc_ecma_transforms_macros/Cargo.toml;crates/swc_ecma_transforms_module/Cargo.toml;crates/swc_ecma_transforms_optimization/Cargo.toml;crates/swc_ecma_transforms_proposal/Cargo.toml;crates/swc_ecma_transforms_react/Cargo.toml;crates/swc_ecma_transforms_testing/Cargo.toml;crates/swc_ecma_transforms_typescript/Cargo.toml;crates/swc_ecma_utils/Cargo.toml;crates/swc_ecma_visit/Cargo.toml;crates/swc_ecmascript/Cargo.toml;crates/swc_eq_ignore_macros/Cargo.toml;crates/swc_error_reporters/Cargo.toml;crates/swc_estree_ast/Cargo.toml;crates/swc_estree_compat/Cargo.toml;crates/swc_graph_analyzer/Cargo.toml;crates/swc_html/Cargo.toml;crates/swc_html_ast/Cargo.toml;crates/swc_html_codegen/Cargo.toml;crates/swc_html_codegen_macros/Cargo.toml;crates/swc_html_minifier/Cargo.toml;crates/swc_html_parser/Cargo.toml;crates/swc_html_utils/Cargo.toml;crates/swc_html_visit/Cargo.toml;crates/swc_macros_common/Cargo.toml;crates/swc_malloc/Cargo.toml;crates/swc_node_bundler/Cargo.toml;crates/swc_node_comments/Cargo.toml;crates/swc_nodejs_common/Cargo.toml;crates/swc_plugin/Cargo.toml;crates/swc_plugin_backend_tests/Cargo.toml;crates/swc_plugin_backend_wasmer/Cargo.toml;crates/swc_plugin_backend_wasmtime/Cargo.toml;crates/swc_plugin_macro/Cargo.toml;crates/swc_plugin_proxy/Cargo.toml;crates/swc_plugin_runner/Cargo.toml;crates/swc_sourcemap/Cargo.toml;crates/swc_transform_common/Cargo.toml;crates/swc_ts_fast_strip/Cargo.toml;crates/swc_ts_fast_strip_binding/Cargo.toml;crates/swc_typescript/Cargo.toml;crates/swc_visit/Cargo.toml;crates/swc_xml/Cargo.toml;crates/swc_xml_ast/Cargo.toml;crates/swc_xml_codegen/Cargo.toml;crates/swc_xml_codegen_macros/Cargo.toml;crates/swc_xml_parser/Cargo.toml;crates/swc_xml_visit/Cargo.toml;crates/testing/Cargo.toml;crates/testing_macros/Cargo.toml;tools/generate-code/Cargo.toml;tools/swc-releaser/Cargo.toml;xtask/Cargo.toml,Cargo.lock;crates/swc_ecma_minifier/fuzz/Cargo.lock,"brief:lang,brief:cargo,brief:bridge,cargo.toml,cargo.lock,rust_loc"
pkg:npm/%40swc/core-linux-x64-gnu,npm,@swc/core-linux-x64-gnu,npmjs.org,57062,12,137844712,last-month,1.16.0,2026-08-14T17:26:21.502Z,https://github.com/swc-project/swc,29915,715139,7693977,napi-rs,0,1,134,Cargo.toml;bindings/binding_core_node/Cargo.toml;bindings/binding_core_wasm/Cargo.toml;bindings/binding_es_ast_viewer/Cargo.toml;bindings/binding_html_node/Cargo.toml;bindings/binding_html_wasm/Cargo.toml;bindings/binding_minifier_node/Cargo.toml;bindings/binding_minifier_wasm/Cargo.toml;bindings/binding_nodejs_support_wasm/Cargo.toml;bindings/binding_react_compiler_node/Cargo.toml;bindings/binding_typescript_wasm/Cargo.toml;bindings/swc_cli/Cargo.toml;crates/ast_node/Cargo.toml;crates/better_scoped_tls/Cargo.toml;crates/binding_macros/Cargo.toml;crates/dbg-swc/Cargo.toml;crates/from_variant/Cargo.toml;crates/hstr/Cargo.toml;crates/jsdoc/Cargo.toml;crates/preset_env_base/Cargo.toml;crates/string_enum/Cargo.toml;crates/swc-ast-explorer/Cargo.toml;crates/swc/Cargo.toml;crates/swc_allocator/Cargo.toml;crates/swc_arena/Cargo.toml;crates/swc_atoms/Cargo.toml;crates/swc_bundler/Cargo.toml;crates/swc_cli_impl/Cargo.toml;crates/swc_common/Cargo.toml;crates/swc_compiler_base/Cargo.toml;crates/swc_config/Cargo.toml;crates/swc_config_macro/Cargo.toml;crates/swc_core/Cargo.toml;crates/swc_css/Cargo.toml;crates/swc_css_ast/Cargo.toml;crates/swc_css_codegen/Cargo.toml;crates/swc_css_codegen_macros/Cargo.toml;crates/swc_css_compat/Cargo.toml;crates/swc_css_lints/Cargo.toml;crates/swc_css_minifier/Cargo.toml;crates/swc_css_modules/Cargo.toml;crates/swc_css_parser/Cargo.toml;crates/swc_css_prefixer/Cargo.toml;crates/swc_css_utils/Cargo.toml;crates/swc_css_visit/Cargo.toml;crates/swc_ecma_ast/Cargo.toml;crates/swc_ecma_codegen/Cargo.toml;crates/swc_ecma_codegen_macros/Cargo.toml;crates/swc_ecma_compat_bugfixes/Cargo.toml;crates/swc_ecma_compat_common/Cargo.toml;crates/swc_ecma_compat_es2015/Cargo.toml;crates/swc_ecma_compat_es2016/Cargo.toml;crates/swc_ecma_compat_es2017/Cargo.toml;crates/swc_ecma_compat_es2018/Cargo.toml;crates/swc_ecma_compat_es2019/Cargo.toml;crates/swc_ecma_compat_es2020/Cargo.toml;crates/swc_ecma_compat_es2021/Cargo.toml;crates/swc_ecma_compat_es2022/Cargo.toml;crates/swc_ecma_compat_es3/Cargo.toml;crates/swc_ecma_compat_regexp/Cargo.toml;crates/swc_ecma_ext_transforms/Cargo.toml;crates/swc_ecma_hooks/Cargo.toml;crates/swc_ecma_lexer/Cargo.toml;crates/swc_ecma_lints/Cargo.toml;crates/swc_ecma_loader/Cargo.toml;crates/swc_ecma_minifier/Cargo.toml;crates/swc_ecma_minifier/fuzz/Cargo.toml;crates/swc_ecma_parser/Cargo.toml;crates/swc_ecma_preset_env/Cargo.toml;crates/swc_ecma_quote/Cargo.toml;crates/swc_ecma_quote_macros/Cargo.toml;crates/swc_ecma_react_compiler/Cargo.toml;crates/swc_ecma_regexp/Cargo.toml;crates/swc_ecma_regexp_ast/Cargo.toml;crates/swc_ecma_regexp_common/Cargo.toml;crates/swc_ecma_regexp_visit/Cargo.toml;crates/swc_ecma_testing/Cargo.toml;crates/swc_ecma_transformer/Cargo.toml;crates/swc_ecma_transforms/Cargo.toml;crates/swc_ecma_transforms_base/Cargo.toml;crates/swc_ecma_transforms_classes/Cargo.toml;crates/swc_ecma_transforms_compat/Cargo.toml;crates/swc_ecma_transforms_macros/Cargo.toml;crates/swc_ecma_transforms_module/Cargo.toml;crates/swc_ecma_transforms_optimization/Cargo.toml;crates/swc_ecma_transforms_proposal/Cargo.toml;crates/swc_ecma_transforms_react/Cargo.toml;crates/swc_ecma_transforms_testing/Cargo.toml;crates/swc_ecma_transforms_typescript/Cargo.toml;crates/swc_ecma_utils/Cargo.toml;crates/swc_ecma_visit/Cargo.toml;crates/swc_ecmascript/Cargo.toml;crates/swc_eq_ignore_macros/Cargo.toml;crates/swc_error_reporters/Cargo.toml;crates/swc_estree_ast/Cargo.toml;crates/swc_estree_compat/Cargo.toml;crates/swc_graph_analyzer/Cargo.toml;crates/swc_html/Cargo.toml;crates/swc_html_ast/Cargo.toml;crates/swc_html_codegen/Cargo.toml;crates/swc_html_codegen_macros/Cargo.toml;crates/swc_html_minifier/Cargo.toml;crates/swc_html_parser/Cargo.toml;crates/swc_html_utils/Cargo.toml;crates/swc_html_visit/Cargo.toml;crates/swc_macros_common/Cargo.toml;crates/swc_malloc/Cargo.toml;crates/swc_node_bundler/Cargo.toml;crates/swc_node_comments/Cargo.toml;crates/swc_nodejs_common/Cargo.toml;crates/swc_plugin/Cargo.toml;crates/swc_plugin_backend_tests/Cargo.toml;crates/swc_plugin_backend_wasmer/Cargo.toml;crates/swc_plugin_backend_wasmtime/Cargo.toml;crates/swc_plugin_macro/Cargo.toml;crates/swc_plugin_proxy/Cargo.toml;crates/swc_plugin_runner/Cargo.toml;crates/swc_sourcemap/Cargo.toml;crates/swc_transform_common/Cargo.toml;crates/swc_ts_fast_strip/Cargo.toml;crates/swc_ts_fast_strip_binding/Cargo.toml;crates/swc_typescript/Cargo.toml;crates/swc_visit/Cargo.toml;crates/swc_xml/Cargo.toml;crates/swc_xml_ast/Cargo.toml;crates/swc_xml_codegen/Cargo.toml;crates/swc_xml_codegen_macros/Cargo.toml;crates/swc_xml_parser/Cargo.toml;crates/swc_xml_visit/Cargo.toml;crates/testing/Cargo.toml;crates/testing_macros/Cargo.toml;tools/generate-code/Cargo.toml;tools/swc-releaser/Cargo.toml;xtask/Cargo.toml,Cargo.lock;crates/swc_ecma_minifier/fuzz/Cargo.lock,"brief:lang,brief:cargo,brief:bridge,cargo.toml,cargo.lock,rust_loc"
pkg:npm/%40swc/core-linux-x64-musl,npm,@swc/core-linux-x64-musl,npmjs.org,57055,37,95847975,last-month,1.16.0,2026-08-14T17:23:27.524Z,https://github.com/swc-project/swc,29915,715139,7693977,napi-rs,0,1,134,Cargo.toml;bindings/binding_core_node/Cargo.toml;bindings/binding_core_wasm/Cargo.toml;bindings/binding_es_ast_viewer/Cargo.toml;bindings/binding_html_node/Cargo.toml;bindings/binding_html_wasm/Cargo.toml;bindings/binding_minifier_node/Cargo.toml;bindings/binding_minifier_wasm/Cargo.toml;bindings/binding_nodejs_support_wasm/Cargo.toml;bindings/binding_react_compiler_node/Cargo.toml;bindings/binding_typescript_wasm/Cargo.toml;bindings/swc_cli/Cargo.toml;crates/ast_node/Cargo.toml;crates/better_scoped_tls/Cargo.toml;crates/binding_macros/Cargo.toml;crates/dbg-swc/Cargo.toml;crates/from_variant/Cargo.toml;crates/hstr/Cargo.toml;crates/jsdoc/Cargo.toml;crates/preset_env_base/Cargo.toml;crates/string_enum/Cargo.toml;crates/swc-ast-explorer/Cargo.toml;crates/swc/Cargo.toml;crates/swc_allocator/Cargo.toml;crates/swc_arena/Cargo.toml;crates/swc_atoms/Cargo.toml;crates/swc_bundler/Cargo.toml;crates/swc_cli_impl/Cargo.toml;crates/swc_common/Cargo.toml;crates/swc_compiler_base/Cargo.toml;crates/swc_config/Cargo.toml;crates/swc_config_macro/Cargo.toml;crates/swc_core/Cargo.toml;crates/swc_css/Cargo.toml;crates/swc_css_ast/Cargo.toml;crates/swc_css_codegen/Cargo.toml;crates/swc_css_codegen_macros/Cargo.toml;crates/swc_css_compat/Cargo.toml;crates/swc_css_lints/Cargo.toml;crates/swc_css_minifier/Cargo.toml;crates/swc_css_modules/Cargo.toml;crates/swc_css_parser/Cargo.toml;crates/swc_css_prefixer/Cargo.toml;crates/swc_css_utils/Cargo.toml;crates/swc_css_visit/Cargo.toml;crates/swc_ecma_ast/Cargo.toml;crates/swc_ecma_codegen/Cargo.toml;crates/swc_ecma_codegen_macros/Cargo.toml;crates/swc_ecma_compat_bugfixes/Cargo.toml;crates/swc_ecma_compat_common/Cargo.toml;crates/swc_ecma_compat_es2015/Cargo.toml;crates/swc_ecma_compat_es2016/Cargo.toml;crates/swc_ecma_compat_es2017/Cargo.toml;crates/swc_ecma_compat_es2018/Cargo.toml;crates/swc_ecma_compat_es2019/Cargo.toml;crates/swc_ecma_compat_es2020/Cargo.toml;crates/swc_ecma_compat_es2021/Cargo.toml;crates/swc_ecma_compat_es2022/Cargo.toml;crates/swc_ecma_compat_es3/Cargo.toml;crates/swc_ecma_compat_regexp/Cargo.toml;crates/swc_ecma_ext_transforms/Cargo.toml;crates/swc_ecma_hooks/Cargo.toml;crates/swc_ecma_lexer/Cargo.toml;crates/swc_ecma_lints/Cargo.toml;crates/swc_ecma_loader/Cargo.toml;crates/swc_ecma_minifier/Cargo.toml;crates/swc_ecma_minifier/fuzz/Cargo.toml;crates/swc_ecma_parser/Cargo.toml;crates/swc_ecma_preset_env/Cargo.toml;crates/swc_ecma_quote/Cargo.toml;crates/swc_ecma_quote_macros/Cargo.toml;crates/swc_ecma_react_compiler/Cargo.toml;crates/swc_ecma_regexp/Cargo.toml;crates/swc_ecma_regexp_ast/Cargo.toml;crates/swc_ecma_regexp_common/Cargo.toml;crates/swc_ecma_regexp_visit/Cargo.toml;crates/swc_ecma_testing/Cargo.toml;crates/swc_ecma_transformer/Cargo.toml;crates/swc_ecma_transforms/Cargo.toml;crates/swc_ecma_transforms_base/Cargo.toml;crates/swc_ecma_transforms_classes/Cargo.toml;crates/swc_ecma_transforms_compat/Cargo.toml;crates/swc_ecma_transforms_macros/Cargo.toml;crates/swc_ecma_transforms_module/Cargo.toml;crates/swc_ecma_transforms_optimization/Cargo.toml;crates/swc_ecma_transforms_proposal/Cargo.toml;crates/swc_ecma_transforms_react/Cargo.toml;crates/swc_ecma_transforms_testing/Cargo.toml;crates/swc_ecma_transforms_typescript/Cargo.toml;crates/swc_ecma_utils/Cargo.toml;crates/swc_ecma_visit/Cargo.toml;crates/swc_ecmascript/Cargo.toml;crates/swc_eq_ignore_macros/Cargo.toml;crates/swc_error_reporters/Cargo.toml;crates/swc_estree_ast/Cargo.toml;crates/swc_estree_compat/Cargo.toml;crates/swc_graph_analyzer/Cargo.toml;crates/swc_html/Cargo.toml;crates/swc_html_ast/Cargo.toml;crates/swc_html_codegen/Cargo.toml;crates/swc_html_codegen_macros/Cargo.toml;crates/swc_html_minifier/Cargo.toml;crates/swc_html_parser/Cargo.toml;crates/swc_html_utils/Cargo.toml;crates/swc_html_visit/Cargo.toml;crates/swc_macros_common/Cargo.toml;crates/swc_malloc/Cargo.toml;crates/swc_node_bundler/Cargo.toml;crates/swc_node_comments/Cargo.toml;crates/swc_nodejs_common/Cargo.toml;crates/swc_plugin/Cargo.toml;crates/swc_plugin_backend_tests/Cargo.toml;crates/swc_plugin_backend_wasmer/Cargo.toml;crates/swc_plugin_backend_wasmtime/Cargo.toml;crates/swc_plugin_macro/Cargo.toml;crates/swc_plugin_proxy/Cargo.toml;crates/swc_plugin_runner/Cargo.toml;crates/swc_sourcemap/Cargo.toml;crates/swc_transform_common/Cargo.toml;crates/swc_ts_fast_strip/Cargo.toml;crates/swc_ts_fast_strip_binding/Cargo.toml;crates/swc_typescript/Cargo.toml;crates/swc_visit/Cargo.toml;crates/swc_xml/Cargo.toml;crates/swc_xml_ast/Cargo.toml;crates/swc_xml_codegen/Cargo.toml;crates/swc_xml_codegen_macros/Cargo.toml;crates/swc_xml_parser/Cargo.toml;crates/swc_xml_visit/Cargo.toml;crates/testing/Cargo.toml;crates/testing_macros/Cargo.toml;tools/generate-code/Cargo.toml;tools/swc-releaser/Cargo.toml;xtask/Cargo.toml,Cargo.lock;crates/swc_ecma_minifier/fuzz/Cargo.lock,"brief:lang,brief:cargo,brief:bridge,cargo.toml,cargo.lock,rust_loc"
pkg:npm/intl-messageformat,npm,intl-messageformat,npmjs.org,56984,522,67830469,last-month,11.2.14,2026-08-17T17:01:53.045Z,https://github.com/formatjs/formatjs,14742,18653,171106,napi-rs,0,1,9,Cargo.toml;crates/formatjs_cli/Cargo.toml;crates/formatjs_cli_napi/Cargo.toml;crates/formatjs_intl/Cargo.toml;crates/formatjs_intl_macros/Cargo.toml;crates/icu_messageformat/Cargo.toml;crates/icu_messageformat_parser/Cargo.toml;crates/icu_skeleton_parser/Cargo.toml;packages/icu-messageformat-parser/integration-tests/Cargo.toml,Cargo.lock,"brief:lang,brief:cargo,brief:bridge,cargo.toml,cargo.lock,rust_loc"
pkg:npm/%40swc/core-darwin-x64,npm,@swc/core-darwin-x64,npmjs.org,56878,5,10552636,last-month,1.16.0,2026-08-14T17:30:32.355Z,https://github.com/swc-project/swc,29915,715139,7693977,napi-rs,0,1,134,Cargo.toml;bindings/binding_core_node/Cargo.toml;bindings/binding_core_wasm/Cargo.toml;bindings/binding_es_ast_viewer/Cargo.toml;bindings/binding_html_node/Cargo.toml;bindings/binding_html_wasm/Cargo.toml;bindings/binding_minifier_node/Cargo.toml;bindings/binding_minifier_wasm/Cargo.toml;bindings/binding_nodejs_support_wasm/Cargo.toml;bindings/binding_react_compiler_node/Cargo.toml;bindings/binding_typescript_wasm/Cargo.toml;bindings/swc_cli/Cargo.toml;crates/ast_node/Cargo.toml;crates/better_scoped_tls/Cargo.toml;crates/binding_macros/Cargo.toml;crates/dbg-swc/Cargo.toml;crates/from_variant/Cargo.toml;crates/hstr/Cargo.toml;crates/jsdoc/Cargo.toml;crates/preset_env_base/Cargo.toml;crates/string_enum/Cargo.toml;crates/swc-ast-explorer/Cargo.toml;crates/swc/Cargo.toml;crates/swc_allocator/Cargo.toml;crates/swc_arena/Cargo.toml;crates/swc_atoms/Cargo.toml;crates/swc_bundler/Cargo.toml;crates/swc_cli_impl/Cargo.toml;crates/swc_common/Cargo.toml;crates/swc_compiler_base/Cargo.toml;crates/swc_config/Cargo.toml;crates/swc_config_macro/Cargo.toml;crates/swc_core/Cargo.toml;crates/swc_css/Cargo.toml;crates/swc_css_ast/Cargo.toml;crates/swc_css_codegen/Cargo.toml;crates/swc_css_codegen_macros/Cargo.toml;crates/swc_css_compat/Cargo.toml;crates/swc_css_lints/Cargo.toml;crates/swc_css_minifier/Cargo.toml;crates/swc_css_modules/Cargo.toml;crates/swc_css_parser/Cargo.toml;crates/swc_css_prefixer/Cargo.toml;crates/swc_css_utils/Cargo.toml;crates/swc_css_visit/Cargo.toml;crates/swc_ecma_ast/Cargo.toml;crates/swc_ecma_codegen/Cargo.toml;crates/swc_ecma_codegen_macros/Cargo.toml;crates/swc_ecma_compat_bugfixes/Cargo.toml;crates/swc_ecma_compat_common/Cargo.toml;crates/swc_ecma_compat_es2015/Cargo.toml;crates/swc_ecma_compat_es2016/Cargo.toml;crates/swc_ecma_compat_es2017/Cargo.toml;crates/swc_ecma_compat_es2018/Cargo.toml;crates/swc_ecma_compat_es2019/Cargo.toml;crates/swc_ecma_compat_es2020/Cargo.toml;crates/swc_ecma_compat_es2021/Cargo.toml;crates/swc_ecma_compat_es2022/Cargo.toml;crates/swc_ecma_compat_es3/Cargo.toml;crates/swc_ecma_compat_regexp/Cargo.toml;crates/swc_ecma_ext_transforms/Cargo.toml;crates/swc_ecma_hooks/Cargo.toml;crates/swc_ecma_lexer/Cargo.toml;crates/swc_ecma_lints/Cargo.toml;crates/swc_ecma_loader/Cargo.toml;crates/swc_ecma_minifier/Cargo.toml;crates/swc_ecma_minifier/fuzz/Cargo.toml;crates/swc_ecma_parser/Cargo.toml;crates/swc_ecma_preset_env/Cargo.toml;crates/swc_ecma_quote/Cargo.toml;crates/swc_ecma_quote_macros/Cargo.toml;crates/swc_ecma_react_compiler/Cargo.toml;crates/swc_ecma_regexp/Cargo.toml;crates/swc_ecma_regexp_ast/Cargo.toml;crates/swc_ecma_regexp_common/Cargo.toml;crates/swc_ecma_regexp_visit/Cargo.toml;crates/swc_ecma_testing/Cargo.toml;crates/swc_ecma_transformer/Cargo.toml;crates/swc_ecma_transforms/Cargo.toml;crates/swc_ecma_transforms_base/Cargo.toml;crates/swc_ecma_transforms_classes/Cargo.toml;crates/swc_ecma_transforms_compat/Cargo.toml;crates/swc_ecma_transforms_macros/Cargo.toml;crates/swc_ecma_transforms_module/Cargo.toml;crates/swc_ecma_transforms_optimization/Cargo.toml;crates/swc_ecma_transforms_proposal/Cargo.toml;crates/swc_ecma_transforms_react/Cargo.toml;crates/swc_ecma_transforms_testing/Cargo.toml;crates/swc_ecma_transforms_typescript/Cargo.toml;crates/swc_ecma_utils/Cargo.toml;crates/swc_ecma_visit/Cargo.toml;crates/swc_ecmascript/Cargo.toml;crates/swc_eq_ignore_macros/Cargo.toml;crates/swc_error_reporters/Cargo.toml;crates/swc_estree_ast/Cargo.toml;crates/swc_estree_compat/Cargo.toml;crates/swc_graph_analyzer/Cargo.toml;crates/swc_html/Cargo.toml;crates/swc_html_ast/Cargo.toml;crates/swc_html_codegen/Cargo.toml;crates/swc_html_codegen_macros/Cargo.toml;crates/swc_html_minifier/Cargo.toml;crates/swc_html_parser/Cargo.toml;crates/swc_html_utils/Cargo.toml;crates/swc_html_visit/Cargo.toml;crates/swc_macros_common/Cargo.toml;crates/swc_malloc/Cargo.toml;crates/swc_node_bundler/Cargo.toml;crates/swc_node_comments/Cargo.toml;crates/swc_nodejs_common/Cargo.toml;crates/swc_plugin/Cargo.toml;crates/swc_plugin_backend_tests/Cargo.toml;crates/swc_plugin_backend_wasmer/Cargo.toml;crates/swc_plugin_backend_wasmtime/Cargo.toml;crates/swc_plugin_macro/Cargo.toml;crates/swc_plugin_proxy/Cargo.toml;crates/swc_plugin_runner/Cargo.toml;crates/swc_sourcemap/Cargo.toml;crates/swc_transform_common/Cargo.toml;crates/swc_ts_fast_strip/Cargo.toml;crates/swc_ts_fast_strip_binding/Cargo.toml;crates/swc_typescript/Cargo.toml;crates/swc_visit/Cargo.toml;crates/swc_xml/Cargo.toml;crates/swc_xml_ast/Cargo.toml;crates/swc_xml_codegen/Cargo.toml;crates/swc_xml_codegen_macros/Cargo.toml;crates/swc_xml_parser/Cargo.toml;crates/swc_xml_visit/Cargo.toml;crates/testing/Cargo.toml;crates/testing_macros/Cargo.toml;tools/generate-code/Cargo.toml;tools/swc-releaser/Cargo.toml;xtask/Cargo.toml,Cargo.lock;crates/swc_ecma_minifier/fuzz/Cargo.lock,"brief:lang,brief:cargo,brief:bridge,cargo.toml,cargo.lock,rust_loc"
pkg:npm/%40swc/core-linux-arm64-gnu,npm,@swc/core-linux-arm64-gnu,npmjs.org,56735,4,18288858,last-month,1.16.0,2026-08-14T18:01:25.173Z,https://github.com/swc-project/swc,29915,715139,7693977,napi-rs,0,1,134,Cargo.toml;bindings/binding_core_node/Cargo.toml;bindings/binding_core_wasm/Cargo.toml;bindings/binding_es_ast_viewer/Cargo.toml;bindings/binding_html_node/Cargo.toml;bindings/binding_html_wasm/Cargo.toml;bindings/binding_minifier_node/Cargo.toml;bindings/binding_minifier_wasm/Cargo.toml;bindings/binding_nodejs_support_wasm/Cargo.toml;bindings/binding_react_compiler_node/Cargo.toml;bindings/binding_typescript_wasm/Cargo.toml;bindings/swc_cli/Cargo.toml;crates/ast_node/Cargo.toml;crates/better_scoped_tls/Cargo.toml;crates/binding_macros/Cargo.toml;crates/dbg-swc/Cargo.toml;crates/from_variant/Cargo.toml;crates/hstr/Cargo.toml;crates/jsdoc/Cargo.toml;crates/preset_env_base/Cargo.toml;crates/string_enum/Cargo.toml;crates/swc-ast-explorer/Cargo.toml;crates/swc/Cargo.toml;crates/swc_allocator/Cargo.toml;crates/swc_arena/Cargo.toml;crates/swc_atoms/Cargo.toml;crates/swc_bundler/Cargo.toml;crates/swc_cli_impl/Cargo.toml;crates/swc_common/Cargo.toml;crates/swc_compiler_base/Cargo.toml;crates/swc_config/Cargo.toml;crates/swc_config_macro/Cargo.toml;crates/swc_core/Cargo.toml;crates/swc_css/Cargo.toml;crates/swc_css_ast/Cargo.toml;crates/swc_css_codegen/Cargo.toml;crates/swc_css_codegen_macros/Cargo.toml;crates/swc_css_compat/Cargo.toml;crates/swc_css_lints/Cargo.toml;crates/swc_css_minifier/Cargo.toml;crates/swc_css_modules/Cargo.toml;crates/swc_css_parser/Cargo.toml;crates/swc_css_prefixer/Cargo.toml;crates/swc_css_utils/Cargo.toml;crates/swc_css_visit/Cargo.toml;crates/swc_ecma_ast/Cargo.toml;crates/swc_ecma_codegen/Cargo.toml;crates/swc_ecma_codegen_macros/Cargo.toml;crates/swc_ecma_compat_bugfixes/Cargo.toml;crates/swc_ecma_compat_common/Cargo.toml;crates/swc_ecma_compat_es2015/Cargo.toml;crates/swc_ecma_compat_es2016/Cargo.toml;crates/swc_ecma_compat_es2017/Cargo.toml;crates/swc_ecma_compat_es2018/Cargo.toml;crates/swc_ecma_compat_es2019/Cargo.toml;crates/swc_ecma_compat_es2020/Cargo.toml;crates/swc_ecma_compat_es2021/Cargo.toml;crates/swc_ecma_compat_es2022/Cargo.toml;crates/swc_ecma_compat_es3/Cargo.toml;crates/swc_ecma_compat_regexp/Cargo.toml;crates/swc_ecma_ext_transforms/Cargo.toml;crates/swc_ecma_hooks/Cargo.toml;crates/swc_ecma_lexer/Cargo.toml;crates/swc_ecma_lints/Cargo.toml;crates/swc_ecma_loader/Cargo.toml;crates/swc_ecma_minifier/Cargo.toml;crates/swc_ecma_minifier/fuzz/Cargo.toml;crates/swc_ecma_parser/Cargo.toml;crates/swc_ecma_preset_env/Cargo.toml;crates/swc_ecma_quote/Cargo.toml;crates/swc_ecma_quote_macros/Cargo.toml;crates/swc_ecma_react_compiler/Cargo.toml;crates/swc_ecma_regexp/Cargo.toml;crates/swc_ecma_regexp_ast/Cargo.toml;crates/swc_ecma_regexp_common/Cargo.toml;crates/swc_ecma_regexp_visit/Cargo.toml;crates/swc_ecma_testing/Cargo.toml;crates/swc_ecma_transformer/Cargo.toml;crates/swc_ecma_transforms/Cargo.toml;crates/swc_ecma_transforms_base/Cargo.toml;crates/swc_ecma_transforms_classes/Cargo.toml;crates/swc_ecma_transforms_compat/Cargo.toml;crates/swc_ecma_transforms_macros/Cargo.toml;crates/swc_ecma_transforms_module/Cargo.toml;crates/swc_ecma_transforms_optimization/Cargo.toml;crates/swc_ecma_transforms_proposal/Cargo.toml;crates/swc_ecma_transforms_react/Cargo.toml;crates/swc_ecma_transforms_testing/Cargo.toml;crates/swc_ecma_transforms_typescript/Cargo.toml;crates/swc_ecma_utils/Cargo.toml;crates/swc_ecma_visit/Cargo.toml;crates/swc_ecmascript/Cargo.toml;crates/swc_eq_ignore_macros/Cargo.toml;crates/swc_error_reporters/Cargo.toml;crates/swc_estree_ast/Cargo.toml;crates/swc_estree_compat/Cargo.toml;crates/swc_graph_analyzer/Cargo.toml;crates/swc_html/Cargo.toml;crates/swc_html_ast/Cargo.toml;crates/swc_html_codegen/Cargo.toml;crates/swc_html_codegen_macros/Cargo.toml;crates/swc_html_minifier/Cargo.toml;crates/swc_html_parser/Cargo.toml;crates/swc_html_utils/Cargo.toml;crates/swc_html_visit/Cargo.toml;crates/swc_macros_common/Cargo.toml;crates/swc_malloc/Cargo.toml;crates/swc_node_bundler/Cargo.toml;crates/swc_node_comments/Cargo.toml;crates/swc_nodejs_common/Cargo.toml;crates/swc_plugin/Cargo.toml;crates/swc_plugin_backend_tests/Cargo.toml;crates/swc_plugin_backend_wasmer/Cargo.toml;crates/swc_plugin_backend_wasmtime/Cargo.toml;crates/swc_plugin_macro/Cargo.toml;crates/swc_plugin_proxy/Cargo.toml;crates/swc_plugin_runner/Cargo.toml;crates/swc_sourcemap/Cargo.toml;crates/swc_transform_common/Cargo.toml;crates/swc_ts_fast_strip/Cargo.toml;crates/swc_ts_fast_strip_binding/Cargo.toml;crates/swc_typescript/Cargo.toml;crates/swc_visit/Cargo.toml;crates/swc_xml/Cargo.toml;crates/swc_xml_ast/Cargo.toml;crates/swc_xml_codegen/Cargo.toml;crates/swc_xml_codegen_macros/Cargo.toml;crates/swc_xml_parser/Cargo.toml;crates/swc_xml_visit/Cargo.toml;crates/testing/Cargo.toml;crates/testing_macros/Cargo.toml;tools/generate-code/Cargo.toml;tools/swc-releaser/Cargo.toml;xtask/Cargo.toml,Cargo.lock;crates/swc_ecma_minifier/fuzz/Cargo.lock,"brief:lang,brief:cargo,brief:bridge,cargo.toml,cargo.lock,rust_loc"
pkg:npm/%40swc/core-win32-ia32-msvc,npm,@swc/core-win32-ia32-msvc,npmjs.org,56725,3,8544006,last-month,1.16.0,2026-08-14T17:23:37.373Z,https://github.com/swc-project/swc,29915,715139,7693977,napi-rs,0,1,134,Cargo.toml;bindings/binding_core_node/Cargo.toml;bindings/binding_core_wasm/Cargo.toml;bindings/binding_es_ast_viewer/Cargo.toml;bindings/binding_html_node/Cargo.toml;bindings/binding_html_wasm/Cargo.toml;bindings/binding_minifier_node/Cargo.toml;bindings/binding_minifier_wasm/Cargo.toml;bindings/binding_nodejs_support_wasm/Cargo.toml;bindings/binding_react_compiler_node/Cargo.toml;bindings/binding_typescript_wasm/Cargo.toml;bindings/swc_cli/Cargo.toml;crates/ast_node/Cargo.toml;crates/better_scoped_tls/Cargo.toml;crates/binding_macros/Cargo.toml;crates/dbg-swc/Cargo.toml;crates/from_variant/Cargo.toml;crates/hstr/Cargo.toml;crates/jsdoc/Cargo.toml;crates/preset_env_base/Cargo.toml;crates/string_enum/Cargo.toml;crates/swc-ast-explorer/Cargo.toml;crates/swc/Cargo.toml;crates/swc_allocator/Cargo.toml;crates/swc_arena/Cargo.toml;crates/swc_atoms/Cargo.toml;crates/swc_bundler/Cargo.toml;crates/swc_cli_impl/Cargo.toml;crates/swc_common/Cargo.toml;crates/swc_compiler_base/Cargo.toml;crates/swc_config/Cargo.toml;crates/swc_config_macro/Cargo.toml;crates/swc_core/Cargo.toml;crates/swc_css/Cargo.toml;crates/swc_css_ast/Cargo.toml;crates/swc_css_codegen/Cargo.toml;crates/swc_css_codegen_macros/Cargo.toml;crates/swc_css_compat/Cargo.toml;crates/swc_css_lints/Cargo.toml;crates/swc_css_minifier/Cargo.toml;crates/swc_css_modules/Cargo.toml;crates/swc_css_parser/Cargo.toml;crates/swc_css_prefixer/Cargo.toml;crates/swc_css_utils/Cargo.toml;crates/swc_css_visit/Cargo.toml;crates/swc_ecma_ast/Cargo.toml;crates/swc_ecma_codegen/Cargo.toml;crates/swc_ecma_codegen_macros/Cargo.toml;crates/swc_ecma_compat_bugfixes/Cargo.toml;crates/swc_ecma_compat_common/Cargo.toml;crates/swc_ecma_compat_es2015/Cargo.toml;crates/swc_ecma_compat_es2016/Cargo.toml;crates/swc_ecma_compat_es2017/Cargo.toml;crates/swc_ecma_compat_es2018/Cargo.toml;crates/swc_ecma_compat_es2019/Cargo.toml;crates/swc_ecma_compat_es2020/Cargo.toml;crates/swc_ecma_compat_es2021/Cargo.toml;crates/swc_ecma_compat_es2022/Cargo.toml;crates/swc_ecma_compat_es3/Cargo.toml;crates/swc_ecma_compat_regexp/Cargo.toml;crates/swc_ecma_ext_transforms/Cargo.toml;crates/swc_ecma_hooks/Cargo.toml;crates/swc_ecma_lexer/Cargo.toml;crates/swc_ecma_lints/Cargo.toml;crates/swc_ecma_loader/Cargo.toml;crates/swc_ecma_minifier/Cargo.toml;crates/swc_ecma_minifier/fuzz/Cargo.toml;crates/swc_ecma_parser/Cargo.toml;crates/swc_ecma_preset_env/Cargo.toml;crates/swc_ecma_quote/Cargo.toml;crates/swc_ecma_quote_macros/Cargo.toml;crates/swc_ecma_react_compiler/Cargo.toml;crates/swc_ecma_regexp/Cargo.toml;crates/swc_ecma_regexp_ast/Cargo.toml;crates/swc_ecma_regexp_common/Cargo.toml;crates/swc_ecma_regexp_visit/Cargo.toml;crates/swc_ecma_testing/Cargo.toml;crates/swc_ecma_transformer/Cargo.toml;crates/swc_ecma_transforms/Cargo.toml;crates/swc_ecma_transforms_base/Cargo.toml;crates/swc_ecma_transforms_classes/Cargo.toml;crates/swc_ecma_transforms_compat/Cargo.toml;crates/swc_ecma_transforms_macros/Cargo.toml;crates/swc_ecma_transforms_module/Cargo.toml;crates/swc_ecma_transforms_optimization/Cargo.toml;crates/swc_ecma_transforms_proposal/Cargo.toml;crates/swc_ecma_transforms_react/Cargo.toml;crates/swc_ecma_transforms_testing/Cargo.toml;crates/swc_ecma_transforms_typescript/Cargo.toml;crates/swc_ecma_utils/Cargo.toml;crates/swc_ecma_visit/Cargo.toml;crates/swc_ecmascript/Cargo.toml;crates/swc_eq_ignore_macros/Cargo.toml;crates/swc_error_reporters/Cargo.toml;crates/swc_estree_ast/Cargo.toml;crates/swc_estree_compat/Cargo.toml;crates/swc_graph_analyzer/Cargo.toml;crates/swc_html/Cargo.toml;crates/swc_html_ast/Cargo.toml;crates/swc_html_codegen/Cargo.toml;crates/swc_html_codegen_macros/Cargo.toml;crates/swc_html_minifier/Cargo.toml;crates/swc_html_parser/Cargo.toml;crates/swc_html_utils/Cargo.toml;crates/swc_html_visit/Cargo.toml;crates/swc_macros_common/Cargo.toml;crates/swc_malloc/Cargo.toml;crates/swc_node_bundler/Cargo.toml;crates/swc_node_comments/Cargo.toml;crates/swc_nodejs_common/Cargo.toml;crates/swc_plugin/Cargo.toml;crates/swc_plugin_backend_tests/Cargo.toml;crates/swc_plugin_backend_wasmer/Cargo.toml;crates/swc_plugin_backend_wasmtime/Cargo.toml;crates/swc_plugin_macro/Cargo.toml;crates/swc_plugin_proxy/Cargo.toml;crates/swc_plugin_runner/Cargo.toml;crates/swc_sourcemap/Cargo.toml;crates/swc_transform_common/Cargo.toml;crates/swc_ts_fast_strip/Cargo.toml;crates/swc_ts_fast_strip_binding/Cargo.toml;crates/swc_typescript/Cargo.toml;crates/swc_visit/Cargo.toml;crates/swc_xml/Cargo.toml;crates/swc_xml_ast/Cargo.toml;crates/swc_xml_codegen/Cargo.toml;crates/swc_xml_codegen_macros/Cargo.toml;crates/swc_xml_parser/Cargo.toml;crates/swc_xml_visit/Cargo.toml;crates/testing/Cargo.toml;crates/testing_macros/Cargo.toml;tools/generate-code/Cargo.toml;tools/swc-releaser/Cargo.toml;xtask/Cargo.toml,Cargo.lock;crates/swc_ecma_minifier/fuzz/Cargo.lock,"brief:lang,brief:cargo,brief:bridge,cargo.toml,cargo.lock,rust_loc"
pkg:npm/%40swc/core-linux-arm64-musl,npm,@swc/core-linux-arm64-musl,npmjs.org,56687,34,13995442,last-month,1.16.0,2026-08-14T17:30:56.658Z,https://github.com/swc-project/swc,29915,715139,7693977,napi-rs,0,1,134,Cargo.toml;bindings/binding_core_node/Cargo.toml;bindings/binding_core_wasm/Cargo.toml;bindings/binding_es_ast_viewer/Cargo.toml;bindings/binding_html_node/Cargo.toml;bindings/binding_html_wasm/Cargo.toml;bindings/binding_minifier_node/Cargo.toml;bindings/binding_minifier_wasm/Cargo.toml;bindings/binding_nodejs_support_wasm/Cargo.toml;bindings/binding_react_compiler_node/Cargo.toml;bindings/binding_typescript_wasm/Cargo.toml;bindings/swc_cli/Cargo.toml;crates/ast_node/Cargo.toml;crates/better_scoped_tls/Cargo.toml;crates/binding_macros/Cargo.toml;crates/dbg-swc/Cargo.toml;crates/from_variant/Cargo.toml;crates/hstr/Cargo.toml;crates/jsdoc/Cargo.toml;crates/preset_env_base/Cargo.toml;crates/string_enum/Cargo.toml;crates/swc-ast-explorer/Cargo.toml;crates/swc/Cargo.toml;crates/swc_allocator/Cargo.toml;crates/swc_arena/Cargo.toml;crates/swc_atoms/Cargo.toml;crates/swc_bundler/Cargo.toml;crates/swc_cli_impl/Cargo.toml;crates/swc_common/Cargo.toml;crates/swc_compiler_base/Cargo.toml;crates/swc_config/Cargo.toml;crates/swc_config_macro/Cargo.toml;crates/swc_core/Cargo.toml;crates/swc_css/Cargo.toml;crates/swc_css_ast/Cargo.toml;crates/swc_css_codegen/Cargo.toml;crates/swc_css_codegen_macros/Cargo.toml;crates/swc_css_compat/Cargo.toml;crates/swc_css_lints/Cargo.toml;crates/swc_css_minifier/Cargo.toml;crates/swc_css_modules/Cargo.toml;crates/swc_css_parser/Cargo.toml;crates/swc_css_prefixer/Cargo.toml;crates/swc_css_utils/Cargo.toml;crates/swc_css_visit/Cargo.toml;crates/swc_ecma_ast/Cargo.toml;crates/swc_ecma_codegen/Cargo.toml;crates/swc_ecma_codegen_macros/Cargo.toml;crates/swc_ecma_compat_bugfixes/Cargo.toml;crates/swc_ecma_compat_common/Cargo.toml;crates/swc_ecma_compat_es2015/Cargo.toml;crates/swc_ecma_compat_es2016/Cargo.toml;crates/swc_ecma_compat_es2017/Cargo.toml;crates/swc_ecma_compat_es2018/Cargo.toml;crates/swc_ecma_compat_es2019/Cargo.toml;crates/swc_ecma_compat_es2020/Cargo.toml;crates/swc_ecma_compat_es2021/Cargo.toml;crates/swc_ecma_compat_es2022/Cargo.toml;crates/swc_ecma_compat_es3/Cargo.toml;crates/swc_ecma_compat_regexp/Cargo.toml;crates/swc_ecma_ext_transforms/Cargo.toml;crates/swc_ecma_hooks/Cargo.toml;crates/swc_ecma_lexer/Cargo.toml;crates/swc_ecma_lints/Cargo.toml;crates/swc_ecma_loader/Cargo.toml;crates/swc_ecma_minifier/Cargo.toml;crates/swc_ecma_minifier/fuzz/Cargo.toml;crates/swc_ecma_parser/Cargo.toml;crates/swc_ecma_preset_env/Cargo.toml;crates/swc_ecma_quote/Cargo.toml;crates/swc_ecma_quote_macros/Cargo.toml;crates/swc_ecma_react_compiler/Cargo.toml;crates/swc_ecma_regexp/Cargo.toml;crates/swc_ecma_regexp_ast/Cargo.toml;crates/swc_ecma_regexp_common/Cargo.toml;crates/swc_ecma_regexp_visit/Cargo.toml;crates/swc_ecma_testing/Cargo.toml;crates/swc_ecma_transformer/Cargo.toml;crates/swc_ecma_transforms/Cargo.toml;crates/swc_ecma_transforms_base/Cargo.toml;crates/swc_ecma_transforms_classes/Cargo.toml;crates/swc_ecma_transforms_compat/Cargo.toml;crates/swc_ecma_transforms_macros/Cargo.toml;crates/swc_ecma_transforms_module/Cargo.toml;crates/swc_ecma_transforms_optimization/Cargo.toml;crates/swc_ecma_transforms_proposal/Cargo.toml;crates/swc_ecma_transforms_react/Cargo.toml;crates/swc_ecma_transforms_testing/Cargo.toml;crates/swc_ecma_transforms_typescript/Cargo.toml;crates/swc_ecma_utils/Cargo.toml;crates/swc_ecma_visit/Cargo.toml;crates/swc_ecmascript/Cargo.toml;crates/swc_eq_ignore_macros/Cargo.toml;crates/swc_error_reporters/Cargo.toml;crates/swc_estree_ast/Cargo.toml;crates/swc_estree_compat/Cargo.toml;crates/swc_graph_analyzer/Cargo.toml;crates/swc_html/Cargo.toml;crates/swc_html_ast/Cargo.toml;crates/swc_html_codegen/Cargo.toml;crates/swc_html_codegen_macros/Cargo.toml;crates/swc_html_minifier/Cargo.toml;crates/swc_html_parser/Cargo.toml;crates/swc_html_utils/Cargo.toml;crates/swc_html_visit/Cargo.toml;crates/swc_macros_common/Cargo.toml;crates/swc_malloc/Cargo.toml;crates/swc_node_bundler/Cargo.toml;crates/swc_node_comments/Cargo.toml;crates/swc_nodejs_common/Cargo.toml;crates/swc_plugin/Cargo.toml;crates/swc_plugin_backend_tests/Cargo.toml;crates/swc_plugin_backend_wasmer/Cargo.toml;crates/swc_plugin_backend_wasmtime/Cargo.toml;crates/swc_plugin_macro/Cargo.toml;crates/swc_plugin_proxy/Cargo.toml;crates/swc_plugin_runner/Cargo.toml;crates/swc_sourcemap/Cargo.toml;crates/swc_transform_common/Cargo.toml;crates/swc_ts_fast_strip/Cargo.toml;crates/swc_ts_fast_strip_binding/Cargo.toml;crates/swc_typescript/Cargo.toml;crates/swc_visit/Cargo.toml;crates/swc_xml/Cargo.toml;crates/swc_xml_ast/Cargo.toml;crates/swc_xml_codegen/Cargo.toml;crates/swc_xml_codegen_macros/Cargo.toml;crates/swc_xml_parser/Cargo.toml;crates/swc_xml_visit/Cargo.toml;crates/testing/Cargo.toml;crates/testing_macros/Cargo.toml;tools/generate-code/Cargo.toml;tools/swc-releaser/Cargo.toml;xtask/Cargo.toml,Cargo.lock;crates/swc_ecma_minifier/fuzz/Cargo.lock,"brief:lang,brief:cargo,brief:bridge,cargo.toml,cargo.lock,rust_loc"
pkg:npm/%40swc/core-win32-arm64-msvc,npm,@swc/core-win32-arm64-msvc,npmjs.org,56682,2,9337944,last-month,1.16.0,2026-08-14T17:26:34.126Z,https://github.com/swc-project/swc,29915,715139,7693977,napi-rs,0,1,134,Cargo.toml;bindings/binding_core_node/Cargo.toml;bindings/binding_core_wasm/Cargo.toml;bindings/binding_es_ast_viewer/Cargo.toml;bindings/binding_html_node/Cargo.toml;bindings/binding_html_wasm/Cargo.toml;bindings/binding_minifier_node/Cargo.toml;bindings/binding_minifier_wasm/Cargo.toml;bindings/binding_nodejs_support_wasm/Cargo.toml;bindings/binding_react_compiler_node/Cargo.toml;bindings/binding_typescript_wasm/Cargo.toml;bindings/swc_cli/Cargo.toml;crates/ast_node/Cargo.toml;crates/better_scoped_tls/Cargo.toml;crates/binding_macros/Cargo.toml;crates/dbg-swc/Cargo.toml;crates/from_variant/Cargo.toml;crates/hstr/Cargo.toml;crates/jsdoc/Cargo.toml;crates/preset_env_base/Cargo.toml;crates/string_enum/Cargo.toml;crates/swc-ast-explorer/Cargo.toml;crates/swc/Cargo.toml;crates/swc_allocator/Cargo.toml;crates/swc_arena/Cargo.toml;crates/swc_atoms/Cargo.toml;crates/swc_bundler/Cargo.toml;crates/swc_cli_impl/Cargo.toml;crates/swc_common/Cargo.toml;crates/swc_compiler_base/Cargo.toml;crates/swc_config/Cargo.toml;crates/swc_config_macro/Cargo.toml;crates/swc_core/Cargo.toml;crates/swc_css/Cargo.toml;crates/swc_css_ast/Cargo.toml;crates/swc_css_codegen/Cargo.toml;crates/swc_css_codegen_macros/Cargo.toml;crates/swc_css_compat/Cargo.toml;crates/swc_css_lints/Cargo.toml;crates/swc_css_minifier/Cargo.toml;crates/swc_css_modules/Cargo.toml;crates/swc_css_parser/Cargo.toml;crates/swc_css_prefixer/Cargo.toml;crates/swc_css_utils/Cargo.toml;crates/swc_css_visit/Cargo.toml;crates/swc_ecma_ast/Cargo.toml;crates/swc_ecma_codegen/Cargo.toml;crates/swc_ecma_codegen_macros/Cargo.toml;crates/swc_ecma_compat_bugfixes/Cargo.toml;crates/swc_ecma_compat_common/Cargo.toml;crates/swc_ecma_compat_es2015/Cargo.toml;crates/swc_ecma_compat_es2016/Cargo.toml;crates/swc_ecma_compat_es2017/Cargo.toml;crates/swc_ecma_compat_es2018/Cargo.toml;crates/swc_ecma_compat_es2019/Cargo.toml;crates/swc_ecma_compat_es2020/Cargo.toml;crates/swc_ecma_compat_es2021/Cargo.toml;crates/swc_ecma_compat_es2022/Cargo.toml;crates/swc_ecma_compat_es3/Cargo.toml;crates/swc_ecma_compat_regexp/Cargo.toml;crates/swc_ecma_ext_transforms/Cargo.toml;crates/swc_ecma_hooks/Cargo.toml;crates/swc_ecma_lexer/Cargo.toml;crates/swc_ecma_lints/Cargo.toml;crates/swc_ecma_loader/Cargo.toml;crates/swc_ecma_minifier/Cargo.toml;crates/swc_ecma_minifier/fuzz/Cargo.toml;crates/swc_ecma_parser/Cargo.toml;crates/swc_ecma_preset_env/Cargo.toml;crates/swc_ecma_quote/Cargo.toml;crates/swc_ecma_quote_macros/Cargo.toml;crates/swc_ecma_react_compiler/Cargo.toml;crates/swc_ecma_regexp/Cargo.toml;crates/swc_ecma_regexp_ast/Cargo.toml;crates/swc_ecma_regexp_common/Cargo.toml;crates/swc_ecma_regexp_visit/Cargo.toml;crates/swc_ecma_testing/Cargo.toml;crates/swc_ecma_transformer/Cargo.toml;crates/swc_ecma_transforms/Cargo.toml;crates/swc_ecma_transforms_base/Cargo.toml;crates/swc_ecma_transforms_classes/Cargo.toml;crates/swc_ecma_transforms_compat/Cargo.toml;crates/swc_ecma_transforms_macros/Cargo.toml;crates/swc_ecma_transforms_module/Cargo.toml;crates/swc_ecma_transforms_optimization/Cargo.toml;crates/swc_ecma_transforms_proposal/Cargo.toml;crates/swc_ecma_transforms_react/Cargo.toml;crates/swc_ecma_transforms_testing/Cargo.toml;crates/swc_ecma_transforms_typescript/Cargo.toml;crates/swc_ecma_utils/Cargo.toml;crates/swc_ecma_visit/Cargo.toml;crates/swc_ecmascript/Cargo.toml;crates/swc_eq_ignore_macros/Cargo.toml;crates/swc_error_reporters/Cargo.toml;crates/swc_estree_ast/Cargo.toml;crates/swc_estree_compat/Cargo.toml;crates/swc_graph_analyzer/Cargo.toml;crates/swc_html/Cargo.toml;crates/swc_html_ast/Cargo.toml;crates/swc_html_codegen/Cargo.toml;crates/swc_html_codegen_macros/Cargo.toml;crates/swc_html_minifier/Cargo.toml;crates/swc_html_parser/Cargo.toml;crates/swc_html_utils/Cargo.toml;crates/swc_html_visit/Cargo.toml;crates/swc_macros_common/Cargo.toml;crates/swc_malloc/Cargo.toml;crates/swc_node_bundler/Cargo.toml;crates/swc_node_comments/Cargo.toml;crates/swc_nodejs_common/Cargo.toml;crates/swc_plugin/Cargo.toml;crates/swc_plugin_backend_tests/Cargo.toml;crates/swc_plugin_backend_wasmer/Cargo.toml;crates/swc_plugin_backend_wasmtime/Cargo.toml;crates/swc_plugin_macro/Cargo.toml;crates/swc_plugin_proxy/Cargo.toml;crates/swc_plugin_runner/Cargo.toml;crates/swc_sourcemap/Cargo.toml;crates/swc_transform_common/Cargo.toml;crates/swc_ts_fast_strip/Cargo.toml;crates/swc_ts_fast_strip_binding/Cargo.toml;crates/swc_typescript/Cargo.toml;crates/swc_visit/Cargo.toml;crates/swc_xml/Cargo.toml;crates/swc_xml_ast/Cargo.toml;crates/swc_xml_codegen/Cargo.toml;crates/swc_xml_codegen_macros/Cargo.toml;crates/swc_xml_parser/Cargo.toml;crates/swc_xml_visit/Cargo.toml;crates/testing/Cargo.toml;crates/testing_macros/Cargo.toml;tools/generate-code/Cargo.toml;tools/swc-releaser/Cargo.toml;xtask/Cargo.toml,Cargo.lock;crates/swc_ecma_minifier/fuzz/Cargo.lock,"brief:lang,brief:cargo,brief:bridge,cargo.toml,cargo.lock,rust_loc"
pkg:pypi/pydantic,pypi,pydantic,pypi.org,49355,9821,1135177578,last-month,2.13.4,2026-05-06T13:43:02.000Z,https://github.com/pydantic/pydantic,28560,29771,140841,"",0,1,1,pydantic-core/Cargo.toml,pydantic-core/Cargo.lock,"brief:lang,brief:cargo,cargo.toml,cargo.lock,rust_loc"
pkg:pypi/bcrypt,pypi,bcrypt,pypi.org,45354,494,212332588,last-month,5.0.0,2025-09-25T19:49:05.000Z,https://github.com/pyca/bcrypt,1120,162,1677,setuptools-rust,0,1,1,src/_bcrypt/Cargo.toml,src/_bcrypt/Cargo.lock,"brief:lang,brief:cargo,brief:bridge,cargo.toml,cargo.lock,rust_loc"
pkg:pypi/tensorboard,pypi,tensorboard,pypi.org,45077,814,26635790,last-month,2.21.0,2026-06-29T20:48:04.000Z,https://github.com/tensorflow/tensorboard,6702,6737,237026,"",0,1,1,tensorboard/data/server/Cargo.toml,tensorboard/data/server/Cargo.lock,"brief:lang,brief:cargo,cargo.toml,cargo.lock,rust_loc"
pkg:pypi/snowballstemmer,pypi,snowballstemmer,pypi.org,42225,140,34860845,last-month,3.1.1,2026-06-03T00:56:38.000Z,https://github.com/snowballstem/snowball,871,563,38552,"",1,0,1,rust/Cargo.toml,"","brief:lang,brief:cargo,cargo.toml,rust_loc"
pkg:maven/com.google.protobuf/protobuf-java,maven,com.google.protobuf:protobuf-java,repo1.maven.org,38630,5130,,,4.35.1,2026-06-11T21:40:12.000Z,https://github.com/protocolbuffers/protobuf,71733,11224,1092195,"",1,0,1,rust/release_crates/Cargo.toml,"","brief:lang,brief:cargo,cargo.toml,rust_loc"
pkg:npm/%40rollup/rollup-linux-x64-gnu,npm,@rollup/rollup-linux-x64-gnu,npmjs.org,36144,6,430214564,last-month,4.62.3,2026-07-26T15:00:13.243Z,https://github.com/rollup/rollup,26301,5271,296802,napi-rs,0,1,5,rust/Cargo.toml;rust/bindings_napi/Cargo.toml;rust/bindings_wasm/Cargo.toml;rust/parse_ast/Cargo.toml;rust/xxhash/Cargo.toml,rust/Cargo.lock,"brief:lang,brief:cargo,brief:bridge,cargo.toml,cargo.lock,rust_loc"
pkg:cocoapods/Flipper,cocoapods,Flipper,cocoapods.org,34784,0,,,0.273.0,2024-11-25T05:18:59.498Z,https://github.com/facebook/flipper,13428,501,169487,"",0,1,1,packer/Cargo.toml,packer/Cargo.lock,"brief:lang,brief:cargo,cargo.toml,cargo.lock,rust_loc"
pkg:cocoapods/FlipperKit,cocoapods,FlipperKit,cocoapods.org,34782,2,,,0.252.0,2024-04-12T05:11:43.661Z,https://github.com/facebook/flipper,13428,501,169487,"",0,1,1,packer/Cargo.toml,packer/Cargo.lock,"brief:lang,brief:cargo,cargo.toml,cargo.lock,rust_loc"
pkg:npm/%40rollup/rollup-linux-x64-musl,npm,@rollup/rollup-linux-x64-musl,npmjs.org,32265,3,447930282,last-month,4.62.3,2026-07-26T15:00:16.646Z,https://github.com/rollup/rollup,26301,5271,296802,napi-rs,0,1,5,rust/Cargo.toml;rust/bindings_napi/Cargo.toml;rust/bindings_wasm/Cargo.toml;rust/parse_ast/Cargo.toml;rust/xxhash/Cargo.toml,rust/Cargo.lock,"brief:lang,brief:cargo,brief:bridge,cargo.toml,cargo.lock,rust_loc"
pkg:golang/github.com/apache/thrift,go,github.com/apache/thrift,proxy.golang.org,31925,3732,,,v0.24.0,2026-07-05T20:04:17.000Z,https://github.com/apache/thrift,10952,9750,358363,"",1,0,3,lib/rs/Cargo.toml;lib/rs/test_recursive/Cargo.toml;tutorial/rs/Cargo.toml,"","brief:lang,brief:cargo,cargo.toml,rust_loc"
pkg:npm/%40swc/types,npm,@swc/types,npmjs.org,27316,9,139294474,last-month,0.1.27,2026-06-16T07:24:59.796Z,https://github.com/swc-project/swc,29915,715139,7693977,napi-rs,0,1,134,Cargo.toml;bindings/binding_core_node/Cargo.toml;bindings/binding_core_wasm/Cargo.toml;bindings/binding_es_ast_viewer/Cargo.toml;bindings/binding_html_node/Cargo.toml;bindings/binding_html_wasm/Cargo.toml;bindings/binding_minifier_node/Cargo.toml;bindings/binding_minifier_wasm/Cargo.toml;bindings/binding_nodejs_support_wasm/Cargo.toml;bindings/binding_react_compiler_node/Cargo.toml;bindings/binding_typescript_wasm/Cargo.toml;bindings/swc_cli/Cargo.toml;crates/ast_node/Cargo.toml;crates/better_scoped_tls/Cargo.toml;crates/binding_macros/Cargo.toml;crates/dbg-swc/Cargo.toml;crates/from_variant/Cargo.toml;crates/hstr/Cargo.toml;crates/jsdoc/Cargo.toml;crates/preset_env_base/Cargo.toml;crates/string_enum/Cargo.toml;crates/swc-ast-explorer/Cargo.toml;crates/swc/Cargo.toml;crates/swc_allocator/Cargo.toml;crates/swc_arena/Cargo.toml;crates/swc_atoms/Cargo.toml;crates/swc_bundler/Cargo.toml;crates/swc_cli_impl/Cargo.toml;crates/swc_common/Cargo.toml;crates/swc_compiler_base/Cargo.toml;crates/swc_config/Cargo.toml;crates/swc_config_macro/Cargo.toml;crates/swc_core/Cargo.toml;crates/swc_css/Cargo.toml;crates/swc_css_ast/Cargo.toml;crates/swc_css_codegen/Cargo.toml;crates/swc_css_codegen_macros/Cargo.toml;crates/swc_css_compat/Cargo.toml;crates/swc_css_lints/Cargo.toml;crates/swc_css_minifier/Cargo.toml;crates/swc_css_modules/Cargo.toml;crates/swc_css_parser/Cargo.toml;crates/swc_css_prefixer/Cargo.toml;crates/swc_css_utils/Cargo.toml;crates/swc_css_visit/Cargo.toml;crates/swc_ecma_ast/Cargo.toml;crates/swc_ecma_codegen/Cargo.toml;crates/swc_ecma_codegen_macros/Cargo.toml;crates/swc_ecma_compat_bugfixes/Cargo.toml;crates/swc_ecma_compat_common/Cargo.toml;crates/swc_ecma_compat_es2015/Cargo.toml;crates/swc_ecma_compat_es2016/Cargo.toml;crates/swc_ecma_compat_es2017/Cargo.toml;crates/swc_ecma_compat_es2018/Cargo.toml;crates/swc_ecma_compat_es2019/Cargo.toml;crates/swc_ecma_compat_es2020/Cargo.toml;crates/swc_ecma_compat_es2021/Cargo.toml;crates/swc_ecma_compat_es2022/Cargo.toml;crates/swc_ecma_compat_es3/Cargo.toml;crates/swc_ecma_compat_regexp/Cargo.toml;crates/swc_ecma_ext_transforms/Cargo.toml;crates/swc_ecma_hooks/Cargo.toml;crates/swc_ecma_lexer/Cargo.toml;crates/swc_ecma_lints/Cargo.toml;crates/swc_ecma_loader/Cargo.toml;crates/swc_ecma_minifier/Cargo.toml;crates/swc_ecma_minifier/fuzz/Cargo.toml;crates/swc_ecma_parser/Cargo.toml;crates/swc_ecma_preset_env/Cargo.toml;crates/swc_ecma_quote/Cargo.toml;crates/swc_ecma_quote_macros/Cargo.toml;crates/swc_ecma_react_compiler/Cargo.toml;crates/swc_ecma_regexp/Cargo.toml;crates/swc_ecma_regexp_ast/Cargo.toml;crates/swc_ecma_regexp_common/Cargo.toml;crates/swc_ecma_regexp_visit/Cargo.toml;crates/swc_ecma_testing/Cargo.toml;crates/swc_ecma_transformer/Cargo.toml;crates/swc_ecma_transforms/Cargo.toml;crates/swc_ecma_transforms_base/Cargo.toml;crates/swc_ecma_transforms_classes/Cargo.toml;crates/swc_ecma_transforms_compat/Cargo.toml;crates/swc_ecma_transforms_macros/Cargo.toml;crates/swc_ecma_transforms_module/Cargo.toml;crates/swc_ecma_transforms_optimization/Cargo.toml;crates/swc_ecma_transforms_proposal/Cargo.toml;crates/swc_ecma_transforms_react/Cargo.toml;crates/swc_ecma_transforms_testing/Cargo.toml;crates/swc_ecma_transforms_typescript/Cargo.toml;crates/swc_ecma_utils/Cargo.toml;crates/swc_ecma_visit/Cargo.toml;crates/swc_ecmascript/Cargo.toml;crates/swc_eq_ignore_macros/Cargo.toml;crates/swc_error_reporters/Cargo.toml;crates/swc_estree_ast/Cargo.toml;crates/swc_estree_compat/Cargo.toml;crates/swc_graph_analyzer/Cargo.toml;crates/swc_html/Cargo.toml;crates/swc_html_ast/Cargo.toml;crates/swc_html_codegen/Cargo.toml;crates/swc_html_codegen_macros/Cargo.toml;crates/swc_html_minifier/Cargo.toml;crates/swc_html_parser/Cargo.toml;crates/swc_html_utils/Cargo.toml;crates/swc_html_visit/Cargo.toml;crates/swc_macros_common/Cargo.toml;crates/swc_malloc/Cargo.toml;crates/swc_node_bundler/Cargo.toml;crates/swc_node_comments/Cargo.toml;crates/swc_nodejs_common/Cargo.toml;crates/swc_plugin/Cargo.toml;crates/swc_plugin_backend_tests/Cargo.toml;crates/swc_plugin_backend_wasmer/Cargo.toml;crates/swc_plugin_backend_wasmtime/Cargo.toml;crates/swc_plugin_macro/Cargo.toml;crates/swc_plugin_proxy/Cargo.toml;crates/swc_plugin_runner/Cargo.toml;crates/swc_sourcemap/Cargo.toml;crates/swc_transform_common/Cargo.toml;crates/swc_ts_fast_strip/Cargo.toml;crates/swc_ts_fast_strip_binding/Cargo.toml;crates/swc_typescript/Cargo.toml;crates/swc_visit/Cargo.toml;crates/swc_xml/Cargo.toml;crates/swc_xml_ast/Cargo.toml;crates/swc_xml_codegen/Cargo.toml;crates/swc_xml_codegen_macros/Cargo.toml;crates/swc_xml_parser/Cargo.toml;crates/swc_xml_visit/Cargo.toml;crates/testing/Cargo.toml;crates/testing_macros/Cargo.toml;tools/generate-code/Cargo.toml;tools/swc-releaser/Cargo.toml;xtask/Cargo.toml,Cargo.lock;crates/swc_ecma_minifier/fuzz/Cargo.lock,"brief:lang,brief:cargo,brief:bridge,cargo.toml,cargo.lock,rust_loc"
pkg:npm/%40nrwl/devkit,npm,@nrwl/devkit,npmjs.org,19290,320,17891513,last-month,999.9.9,2021-08-16T18:48:52.253Z,https://github.com/nrwl/nx,27299,39339,1072714,napi-rs,0,1,2,Cargo.toml;packages/nx/Cargo.toml,Cargo.lock,"brief:lang,brief:cargo,brief:bridge,cargo.toml,cargo.lock,rust_loc"
pkg:maven/org.elasticsearch/elasticsearch,maven,org.elasticsearch:elasticsearch,repo1.maven.org,18551,1411,,,9.4.4,2026-07-22T00:33:05.000Z,https://github.com/elastic/elasticsearch,77364,3980,6240102,"",0,1,2,libs/parquet-rs/native/Cargo.toml;x-pack/plugin/esql-datasource-parquet-rs/native/Cargo.toml,libs/parquet-rs/native/Cargo.lock;x-pack/plugin/esql-datasource-parquet-rs/native/Cargo.lock,"brief:lang,brief:cargo,cargo.toml,cargo.lock,rust_loc"
pkg:npm/%40graphql-codegen/plugin-helpers,npm,@graphql-codegen/plugin-helpers,npmjs.org,17858,454,51052460,last-month,6.1.0,2025-11-20T13:29:42.296Z,https://github.com/dotansimha/graphql-code-generator,10835,278,160923,"",0,1,1,packages/presets/swc-plugin/Cargo.toml,packages/presets/swc-plugin/Cargo.lock,"brief:lang,brief:cargo,cargo.toml,cargo.lock,rust_loc"
pkg:npm/%40graphql-codegen/visitor-plugin-common,npm,@graphql-codegen/visitor-plugin-common,npmjs.org,17423,286,43557961,last-month,6.2.2,2025-12-18T12:09:56.676Z,https://github.com/dotansimha/graphql-code-generator,10835,278,160923,"",0,1,1,packages/presets/swc-plugin/Cargo.toml,packages/presets/swc-plugin/Cargo.lock,"brief:lang,brief:cargo,cargo.toml,cargo.lock,rust_loc"
pkg:pypi/pywinpty,pypi,pywinpty,pypi.org,16040,46,4624006,last-month,3.0.5,2026-06-10T23:40:23.000Z,https://github.com/andfoy/pywinpty,165,256,2036,Maturin,0,1,1,Cargo.toml,Cargo.lock,"brief:lang,brief:cargo,brief:bridge,cargo.toml,cargo.lock,rust_loc"
pkg:pypi/flatbuffers,pypi,flatbuffers,pypi.org,15626,204,102801693,last-month,25.12.19,2025-12-19T23:16:13.000Z,https://github.com/google/flatbuffers,26327,35893,275293,"",1,0,3,rust/flatbuffers/Cargo.toml;rust/flexbuffers/Cargo.toml;rust/reflection/Cargo.toml,"","brief:lang,brief:cargo,cargo.toml,rust_loc"
pkg:pypi/tokenizers,pypi,tokenizers,pypi.org,14571,380,254062828,last-month,0.23.1,2026-04-27T14:43:15.000Z,https://github.com/huggingface/tokenizers,10967,34246,53084,"",0,0,4,bindings/node/Cargo.toml;bindings/python/Cargo.toml;bindings/python/tools/stub-gen/Cargo.toml;tokenizers/Cargo.toml,"","brief:lang,brief:cargo,cargo.toml,rust_loc"
pkg:maven/org.apache.thrift/libthrift,maven,org.apache.thrift:libthrift,repo1.maven.org,14005,1290,,,0.24.0,2026-07-11T20:59:14.000Z,https://github.com/apache/thrift,10952,9750,358363,"",1,0,3,lib/rs/Cargo.toml;lib/rs/test_recursive/Cargo.toml;tutorial/rs/Cargo.toml,"","brief:lang,brief:cargo,cargo.toml,rust_loc"
pkg:maven/org.seleniumhq.selenium/selenium-chrome-driver,maven,org.seleniumhq.selenium:selenium-chrome-driver,repo1.maven.org,13871,396,,,4.46.0,2026-07-11T00:45:00.000Z,https://github.com/seleniumhq/selenium,30616,9242,419542,"",1,1,1,rust/Cargo.toml,rust/Cargo.lock,"brief:lang,brief:cargo,cargo.toml,cargo.lock,rust_loc"
pkg:pypi/tensorboard-data-server,pypi,tensorboard-data-server,pypi.org,13536,100,19640857,last-month,0.7.2,2023-10-23T21:23:32.000Z,https://github.com/tensorflow/tensorboard,6702,6737,237026,"",0,1,1,tensorboard/data/server/Cargo.toml,tensorboard/data/server/Cargo.lock,"brief:lang,brief:cargo,cargo.toml,cargo.lock,rust_loc"
pkg:golang/github.com/google/flatbuffers,go,github.com/google/flatbuffers,proxy.golang.org,13376,4010,,,v25.12.19+incompatible,2025-12-19T23:06:07.000Z,https://github.com/google/flatbuffers,26327,35893,275293,"",1,0,3,rust/flatbuffers/Cargo.toml;rust/flexbuffers/Cargo.toml;rust/reflection/Cargo.toml,"","brief:lang,brief:cargo,cargo.toml,rust_loc"
pkg:pypi/rpds-py,pypi,rpds-py,pypi.org,13009,120,633932477,last-month,2026.6.3,2026-06-30T07:14:54.000Z,https://github.com/crate-py/rpds,64,1379,3191,Maturin,0,1,1,Cargo.toml,Cargo.lock,"brief:lang,brief:cargo,brief:bridge,cargo.toml,cargo.lock,rust_loc"
pkg:pypi/orjson,pypi,orjson,pypi.org,12646,1197,233719737,last-month,3.12.0,2026-08-14T16:12:00.000Z,https://github.com/ijl/orjson,8197,7624,32375,Maturin,0,1,1,Cargo.toml,Cargo.lock,"brief:lang,brief:cargo,brief:bridge,cargo.toml,cargo.lock,rust_loc"
pkg:pypi/tiktoken,pypi,tiktoken,pypi.org,12196,1202,260940905,last-month,0.14.0,2026-08-17T19:48:31.000Z,https://github.com/openai/tiktoken,12258,715,2857,setuptools-rust,0,0,1,Cargo.toml,"","brief:lang,brief:cargo,brief:bridge,cargo.toml,rust_loc"
pkg:maven/org.seleniumhq.selenium/selenium-server,maven,org.seleniumhq.selenium:selenium-server,repo1.maven.org,10765,276,,,3.141.59,2018-11-14T08:25:19.000Z,https://github.com/seleniumhq/selenium,30616,9242,419542,"",1,1,1,rust/Cargo.toml,rust/Cargo.lock,"brief:lang,brief:cargo,cargo.toml,cargo.lock,rust_loc"
pkg:maven/org.seleniumhq.selenium/selenium-firefox-driver,maven,org.seleniumhq.selenium:selenium-firefox-driver,repo1.maven.org,10500,348,,,4.46.0,2026-07-11T00:45:00.000Z,https://github.com/seleniumhq/selenium,30616,9242,419542,"",1,1,1,rust/Cargo.toml,rust/Cargo.lock,"brief:lang,brief:cargo,cargo.toml,cargo.lock,rust_loc"
pkg:pypi/onnxruntime,pypi,onnxruntime,pypi.org,9609,611,88740745,last-month,1.29.0,2026-08-17T22:53:33.000Z,https://github.com/microsoft/onnxruntime,13947,3938,2965901,"",1,0,3,rust/Cargo.toml;rust/onnxruntime-sys/Cargo.toml;rust/onnxruntime/Cargo.toml,"","brief:lang,brief:cargo,cargo.toml,rust_loc"
pkg:pypi/wandb,pypi,wandb,pypi.org,9299,620,27266667,last-month,0.28.2,2026-08-12T01:33:58.000Z,https://github.com/wandb/wandb,11229,12381,310228,"",0,1,3,experimental/rust-sdk/Cargo.toml;parquet-rust-wrapper/Cargo.toml;xpu/Cargo.toml,experimental/rust-sdk/Cargo.lock;parquet-rust-wrapper/Cargo.lock;xpu/Cargo.lock,"brief:lang,brief:cargo,cargo.toml,cargo.lock,rust_loc"
pkg:maven/org.seleniumhq.selenium/selenium-support,maven,org.seleniumhq.selenium:selenium-support,repo1.maven.org,8655,366,,,4.46.0,2026-07-11T00:45:00.000Z,https://github.com/seleniumhq/selenium,30616,9242,419542,"",1,1,1,rust/Cargo.toml,rust/Cargo.lock,"brief:lang,brief:cargo,cargo.toml,cargo.lock,rust_loc"
pkg:maven/org.elasticsearch.client/elasticsearch-rest-high-level-client,maven,org.elasticsearch.client:elasticsearch-rest-high-level-client,repo1.maven.org,8109,800,,,7.17.29,2025-06-24T09:17:53.000Z,https://github.com/elastic/elasticsearch,77364,3980,6240102,"",0,1,2,libs/parquet-rs/native/Cargo.toml;x-pack/plugin/esql-datasource-parquet-rs/native/Cargo.toml,libs/parquet-rs/native/Cargo.lock;x-pack/plugin/esql-datasource-parquet-rs/native/Cargo.lock,"brief:lang,brief:cargo,cargo.toml,cargo.lock,rust_loc"
pkg:cocoapods/BoringSSL-GRPC,cocoapods,BoringSSL-GRPC,cocoapods.org,8074,2,,,0.0.41,2026-02-11T14:53:56.140Z,https://github.com/google/boringssl,2023,18926,1004527,"",1,1,8,rust/Cargo.toml;rust/bssl-crypto/Cargo.toml;rust/bssl-macros/Cargo.toml;rust/bssl-rustls-adapters/Cargo.toml;rust/bssl-sys/Cargo.toml;rust/bssl-tls-tokio/Cargo.toml;rust/bssl-tls/Cargo.toml;rust/bssl-x509/Cargo.toml,rust/Cargo.lock;rust/bssl-crypto/Cargo.lock;rust/bssl-sys/Cargo.lock,"brief:lang,brief:cargo,cargo.toml,cargo.lock,rust_loc"
pkg:maven/org.seleniumhq.selenium/selenium-api,maven,org.seleniumhq.selenium:selenium-api,repo1.maven.org,7759,484,,,4.46.0,2026-07-11T00:45:00.000Z,https://github.com/seleniumhq/selenium,30616,9242,419542,"",1,1,1,rust/Cargo.toml,rust/Cargo.lock,"brief:lang,brief:cargo,cargo.toml,cargo.lock,rust_loc"
pkg:pypi/hypothesis,pypi,hypothesis,pypi.org,7745,823,50462221,last-month,6.165.10,2026-08-16T22:55:44.000Z,https://github.com/hypothesisworks/hypothesis,8889,367,105071,"",0,1,1,hypothesis/rust/Cargo.toml,hypothesis/rust/Cargo.lock,"brief:lang,brief:cargo,cargo.toml,cargo.lock,rust_loc"
pkg:maven/org.seleniumhq.selenium/selenium-remote-driver,maven,org.seleniumhq.selenium:selenium-remote-driver,repo1.maven.org,6810,408,,,4.46.0,2026-07-11T00:45:00.000Z,https://github.com/seleniumhq/selenium,30616,9242,419542,"",1,1,1,rust/Cargo.toml,rust/Cargo.lock,"brief:lang,brief:cargo,cargo.toml,cargo.lock,rust_loc"
pkg:cocoapods/Protobuf,cocoapods,Protobuf,cocoapods.org,6509,154,,,5.35.1,2026-06-22T15:02:10.500Z,https://github.com/protocolbuffers/protobuf,71733,11224,1092195,"",1,0,1,rust/release_crates/Cargo.toml,"","brief:lang,brief:cargo,cargo.toml,rust_loc"
pkg:pypi/watchfiles,pypi,watchfiles,pypi.org,6330,296,388188447,last-month,1.2.0,2026-05-18T04:31:08.000Z,https://github.com/samuelcolvin/watchfiles,1751,328,3804,Maturin,0,1,1,Cargo.toml,Cargo.lock,"brief:lang,brief:cargo,brief:bridge,cargo.toml,cargo.lock,rust_loc"
pkg:pypi/chromadb,pypi,chromadb,pypi.org,6246,344,13053849,last-month,1.5.9,2026-05-05T05:54:48.000Z,https://github.com/chroma-core/chroma,29012,264278,429701,"napi-rs,Maturin",0,1,40,Cargo.toml;rust/agent/Cargo.toml;rust/api-types/Cargo.toml;rust/benchmark/Cargo.toml;rust/blockstore/Cargo.toml;rust/cache/Cargo.toml;rust/chroma/Cargo.toml;rust/cli/Cargo.toml;rust/config/Cargo.toml;rust/distance/Cargo.toml;rust/error/Cargo.toml;rust/faults/Cargo.toml;rust/foundation-api/Cargo.toml;rust/frontend-core/Cargo.toml;rust/frontend/Cargo.toml;rust/garbage_collector/Cargo.toml;rust/index/Cargo.toml;rust/jemalloc-pprof-server/Cargo.toml;rust/js_bindings/Cargo.toml;rust/load/Cargo.toml;rust/log-service/Cargo.toml;rust/log/Cargo.toml;rust/mdac/Cargo.toml;rust/memberlist/Cargo.toml;rust/metering-macros/Cargo.toml;rust/metering/Cargo.toml;rust/python_bindings/Cargo.toml;rust/rust-sysdb/Cargo.toml;rust/s3heap-service/Cargo.toml;rust/s3heap/Cargo.toml;rust/segment/Cargo.toml;rust/spanner-migrations/Cargo.toml;rust/sqlite/Cargo.toml;rust/storage/Cargo.toml;rust/sysdb/Cargo.toml;rust/system/Cargo.toml;rust/tracing/Cargo.toml;rust/types/Cargo.toml;rust/wal3/Cargo.toml;rust/worker/Cargo.toml,Cargo.lock,"brief:lang,brief:cargo,brief:bridge,cargo.toml,cargo.lock,rust_loc"
pkg:pypi/safetensors,pypi,safetensors,pypi.org,6234,247,110611033,last-month,0.8.0,2026-06-09T07:52:18.000Z,https://github.com/safetensors/safetensors,2854,4148,10927,"",0,1,3,bindings/python/Cargo.toml;safetensors/Cargo.toml;safetensors/fuzz/Cargo.toml,bindings/python/Cargo.lock,"brief:lang,brief:cargo,cargo.toml,cargo.lock,rust_loc"
pkg:pypi/ruff,pypi,ruff,pypi.org,5870,2931,326444811,last-month,0.16.3,2026-08-13T15:16:27.000Z,https://github.com/astral-sh/ruff,49154,581427,1056074,Maturin,0,1,53,Cargo.toml;crates/mdtest/Cargo.toml;crates/ruff/Cargo.toml;crates/ruff_annotate_snippets/Cargo.toml;crates/ruff_benchmark/Cargo.toml;crates/ruff_cache/Cargo.toml;crates/ruff_db/Cargo.toml;crates/ruff_dev/Cargo.toml;crates/ruff_diagnostics/Cargo.toml;crates/ruff_formatter/Cargo.toml;crates/ruff_graph/Cargo.toml;crates/ruff_index/Cargo.toml;crates/ruff_linter/Cargo.toml;crates/ruff_macros/Cargo.toml;crates/ruff_markdown/Cargo.toml;crates/ruff_mdtest/Cargo.toml;crates/ruff_memory_usage/Cargo.toml;crates/ruff_notebook/Cargo.toml;crates/ruff_options_metadata/Cargo.toml;crates/ruff_python_ast/Cargo.toml;crates/ruff_python_ast_integration_tests/Cargo.toml;crates/ruff_python_codegen/Cargo.toml;crates/ruff_python_formatter/Cargo.toml;crates/ruff_python_importer/Cargo.toml;crates/ruff_python_index/Cargo.toml;crates/ruff_python_literal/Cargo.toml;crates/ruff_python_parser/Cargo.toml;crates/ruff_python_semantic/Cargo.toml;crates/ruff_python_stdlib/Cargo.toml;crates/ruff_python_trivia/Cargo.toml;crates/ruff_python_trivia_integration_tests/Cargo.toml;crates/ruff_ranged_value/Cargo.toml;crates/ruff_server/Cargo.toml;crates/ruff_source_file/Cargo.toml;crates/ruff_text_size/Cargo.toml;crates/ruff_wasm/Cargo.toml;crates/ruff_workspace/Cargo.toml;crates/ty/Cargo.toml;crates/ty_combine/Cargo.toml;crates/ty_completion_bench/Cargo.toml;crates/ty_completion_eval/Cargo.toml;crates/ty_ide/Cargo.toml;crates/ty_module_resolver/Cargo.toml;crates/ty_project/Cargo.toml;crates/ty_python_core/Cargo.toml;crates/ty_python_semantic/Cargo.toml;crates/ty_server/Cargo.toml;crates/ty_site_packages/Cargo.toml;crates/ty_static/Cargo.toml;crates/ty_test/Cargo.toml;crates/ty_vendored/Cargo.toml;crates/ty_wasm/Cargo.toml;fuzz/Cargo.toml,Cargo.lock;fuzz/Cargo.lock,"brief:lang,brief:cargo,brief:bridge,cargo.toml,cargo.lock,rust_loc"
pkg:pypi/pendulum,pypi,pendulum,pypi.org,4983,467,71234282,last-month,3.2.0,2026-01-30T11:20:36.000Z,https://github.com/python-pendulum/pendulum,6670,1510,23343,Maturin,0,1,1,rust/Cargo.toml,rust/Cargo.lock,"brief:lang,brief:cargo,brief:bridge,cargo.toml,cargo.lock,rust_loc"
pkg:maven/com.google.protobuf/protobuf-java-util,maven,com.google.protobuf:protobuf-java-util,repo1.maven.org,4923,1079,,,4.34.1,2026-03-20T17:18:31.000Z,https://github.com/protocolbuffers/protobuf,71733,11224,1092195,"",1,0,1,rust/release_crates/Cargo.toml,"","brief:lang,brief:cargo,cargo.toml,rust_loc"
pkg:maven/org.elasticsearch.client/transport,maven,org.elasticsearch.client:transport,repo1.maven.org,4859,511,,,7.17.29,2025-06-24T09:17:53.000Z,https://github.com/elastic/elasticsearch,77364,3980,6240102,"",0,1,2,libs/parquet-rs/native/Cargo.toml;x-pack/plugin/esql-datasource-parquet-rs/native/Cargo.toml,libs/parquet-rs/native/Cargo.lock;x-pack/plugin/esql-datasource-parquet-rs/native/Cargo.lock,"brief:lang,brief:cargo,cargo.toml,cargo.lock,rust_loc"
pkg:gem/google-protobuf,rubygems,google-protobuf,rubygems.org,4547,176,445472174,total,4.35.1,2026-06-11T22:24:56.660Z,https://github.com/protocolbuffers/protobuf,71733,11224,1092195,"",1,0,1,rust/release_crates/Cargo.toml,"","brief:lang,brief:cargo,cargo.toml,rust_loc"
pkg:pypi/xlwings,pypi,xlwings,pypi.org,4545,46,223455,last-month,0.36.14,2026-08-10T15:38:11.000Z,https://github.com/xlwings/xlwings,3394,200,114562,"Maturin,setuptools-rust",0,1,1,Cargo.toml,Cargo.lock,"brief:lang,brief:cargo,brief:bridge,cargo.toml,cargo.lock,rust_loc"
pkg:pypi/watchgod,pypi,watchgod,pypi.org,3993,49,648070,last-month,0.8.2,2022-04-01T12:18:03.000Z,https://github.com/samuelcolvin/watchfiles,1751,328,3804,Maturin,0,1,1,Cargo.toml,Cargo.lock,"brief:lang,brief:cargo,brief:bridge,cargo.toml,cargo.lock,rust_loc"
pkg:pypi/zstandard,pypi,zstandard,pypi.org,3818,308,190844039,last-month,0.25.0,2025-09-14T22:15:56.000Z,https://github.com/indygreg/python-zstandard,465,4780,62864,"",0,1,1,Cargo.toml,Cargo.lock,"brief:lang,brief:cargo,cargo.toml,cargo.lock,rust_loc"
pkg:pypi/flax,pypi,flax,pypi.org,3260,198,4428559,last-month,0.12.8,2026-07-20T18:29:38.000Z,https://github.com/google/flax,5584,0,167547,"",0,1,1,flaxlib_src/Cargo.toml,flaxlib_src/Cargo.lock,"cargo.toml,cargo.lock"
pkg:pypi/catboost,pypi,catboost,pypi.org,3035,203,6241938,last-month,1.2.10,2026-02-18T16:11:29.000Z,https://github.com/catboost/catboost,8065,1053,5857775,"",1,1,3,catboost/rust-package/Cargo.toml;catboost/rust-package/catboost-sys/Cargo.toml;catboost/tutorials/apply_model/rust/Cargo.toml,catboost/rust-package/Cargo.lock;catboost/rust-package/catboost-sys/Cargo.lock;catboost/tutorials/apply_model/rust/Cargo.lock,"brief:lang,brief:cargo,cargo.toml,cargo.lock,rust_loc"
pkg:npm/pnpm,npm,pnpm,npmjs.org,2954,1314,514330622,last-month,11.13.1,2026-07-16T00:20:58.940Z,https://github.com/pnpm/pnpm,29607,355785,674516,napi-rs,0,1,78,Cargo.toml;pnpm/crates/auth-commands/Cargo.toml;pnpm/crates/catalogs-config/Cargo.toml;pnpm/crates/catalogs-protocol-parser/Cargo.toml;pnpm/crates/catalogs-resolver/Cargo.toml;pnpm/crates/catalogs-types/Cargo.toml;pnpm/crates/cli/Cargo.toml;pnpm/crates/cmd-shim/Cargo.toml;pnpm/crates/config-dir/Cargo.toml;pnpm/crates/config-parse-overrides/Cargo.toml;pnpm/crates/config/Cargo.toml;pnpm/crates/crypto-hash/Cargo.toml;pnpm/crates/crypto-shasums-file/Cargo.toml;pnpm/crates/default-reporter/Cargo.toml;pnpm/crates/deps-path/Cargo.toml;pnpm/crates/deps-restorer/Cargo.toml;pnpm/crates/detect-libc/Cargo.toml;pnpm/crates/diagnostics/Cargo.toml;pnpm/crates/directory-fetcher/Cargo.toml;pnpm/crates/engine-pm-yarn-resolver/Cargo.toml;pnpm/crates/engine-runtime-bun-resolver/Cargo.toml;pnpm/crates/engine-runtime-deno-resolver/Cargo.toml;pnpm/crates/engine-runtime-node-resolver/Cargo.toml;pnpm/crates/env-installer/Cargo.toml;pnpm/crates/env-replace/Cargo.toml;pnpm/crates/executor/Cargo.toml;pnpm/crates/exportable-manifest/Cargo.toml;pnpm/crates/fs-packlist/Cargo.toml;pnpm/crates/fs/Cargo.toml;pnpm/crates/git-fetcher/Cargo.toml;pnpm/crates/global/Cargo.toml;pnpm/crates/graph-hasher/Cargo.toml;pnpm/crates/hooks/Cargo.toml;pnpm/crates/injected-deps-syncer/Cargo.toml;pnpm/crates/lockfile-preferred-versions/Cargo.toml;pnpm/crates/lockfile-verification/Cargo.toml;pnpm/crates/lockfile/Cargo.toml;pnpm/crates/modules-yaml/Cargo.toml;pnpm/crates/napi/Cargo.toml;pnpm/crates/network-web-auth-testing/Cargo.toml;pnpm/crates/network-web-auth/Cargo.toml;pnpm/crates/network/Cargo.toml;pnpm/crates/pack/Cargo.toml;pnpm/crates/package-is-installable/Cargo.toml;pnpm/crates/package-manager/Cargo.toml;pnpm/crates/package-manifest/Cargo.toml;pnpm/crates/patching/Cargo.toml;pnpm/crates/pnpr-client/Cargo.toml;pnpm/crates/publish/Cargo.toml;pnpm/crates/real-hoist/Cargo.toml;pnpm/crates/registry/Cargo.toml;pnpm/crates/reporter/Cargo.toml;pnpm/crates/resolving-default-resolver/Cargo.toml;pnpm/crates/resolving-deps-resolver/Cargo.toml;pnpm/crates/resolving-git-resolver/Cargo.toml;pnpm/crates/resolving-jsr-specifier-parser/Cargo.toml;pnpm/crates/resolving-local-resolver/Cargo.toml;pnpm/crates/resolving-npm-resolver/Cargo.toml;pnpm/crates/resolving-parse-wanted-dependency/Cargo.toml;pnpm/crates/resolving-resolver-base/Cargo.toml;pnpm/crates/resolving-tarball-resolver/Cargo.toml;pnpm/crates/store-dir/Cargo.toml;pnpm/crates/tarball/Cargo.toml;pnpm/crates/testing-utils/Cargo.toml;pnpm/crates/versioning/Cargo.toml;pnpm/crates/workspace-manifest-writer/Cargo.toml;pnpm/crates/workspace-projects-filter/Cargo.toml;pnpm/crates/workspace-projects-graph/Cargo.toml;pnpm/crates/workspace-range-resolver/Cargo.toml;pnpm/crates/workspace-spec/Cargo.toml;pnpm/crates/workspace-state/Cargo.toml;pnpm/crates/workspace/Cargo.toml;pnpm/tasks/ecosystem-e2e/Cargo.toml;pnpm/tasks/integrated-benchmark/Cargo.toml;pnpm/tasks/micro-benchmark/Cargo.toml;pnpm/tasks/registry-mock/Cargo.toml;pnpr/crates/pnpr-fixtures/Cargo.toml;pnpr/crates/pnpr/Cargo.toml,Cargo.lock,"brief:lang,brief:cargo,brief:bridge,cargo.toml,cargo.lock,rust_loc"
pkg:pypi/dulwich,pypi,dulwich,pypi.org,2931,148,90524225,last-month,1.2.12,2026-07-19T11:15:24.000Z,https://github.com/jelmer/dulwich,2056,804,142930,setuptools-rust,0,1,4,Cargo.toml;crates/diff-tree/Cargo.toml;crates/objects/Cargo.toml;crates/pack/Cargo.toml,Cargo.lock,"brief:lang,brief:cargo,brief:bridge,cargo.toml,cargo.lock,rust_loc"
pkg:pypi/ua-parser,pypi,ua-parser,pypi.org,2410,31,24130246,last-month,1.0.2,2026-04-05T20:14:26.000Z,https://github.com/ua-parser/uap-python,648,171,80310,"",0,0,1,ua-parser-rs/Cargo.toml,"","brief:lang,brief:cargo,cargo.toml,rust_loc"
pkg:pypi/tb-nightly,pypi,tb-nightly,pypi.org,2089,22,855609,last-month,2.21.0a20251023,2025-10-23T12:24:52.000Z,https://github.com/tensorflow/tensorboard,6702,6737,237026,"",0,1,1,tensorboard/data/server/Cargo.toml,tensorboard/data/server/Cargo.lock,"brief:lang,brief:cargo,cargo.toml,cargo.lock,rust_loc"
pkg:pypi/pipdeptree,pypi,pipdeptree,pypi.org,2038,140,8398058,last-month,4.2.1,2026-08-15T17:11:56.000Z,https://github.com/tox-dev/pipdeptree,3019,12013,15940,"",0,1,1,Cargo.toml,Cargo.lock,"brief:lang,brief:cargo,cargo.toml,cargo.lock,rust_loc"
pkg:pypi/rouge-score,pypi,rouge-score,pypi.org,2006,116,5575654,last-month,0.1.2,2022-07-22T22:46:22.000Z,https://github.com/google-research/google-research,34147,5130,11440900,"",0,1,14,brush_splat/Cargo.toml;brush_splat/crates/brush-android/Cargo.toml;brush_splat/crates/brush-dataset/Cargo.toml;brush_splat/crates/brush-desktop/Cargo.toml;brush_splat/crates/brush-kernel/Cargo.toml;brush_splat/crates/brush-prefix-sum/Cargo.toml;brush_splat/crates/brush-render/Cargo.toml;brush_splat/crates/brush-sort/Cargo.toml;brush_splat/crates/brush-train/Cargo.toml;brush_splat/crates/brush-viewer/Cargo.toml;brush_splat/crates/brush-wgsl/Cargo.toml;brush_splat/crates/rrfd/Cargo.toml;brush_splat/crates/sync-span/Cargo.toml;mucped22/scripts/elo/Cargo.toml,brush_splat/Cargo.lock;brush_splat/crates/brush-android/Cargo.lock;brush_splat/crates/brush-sort/Cargo.lock;mucped22/scripts/elo/Cargo.lock,"brief:lang,brief:cargo,cargo.toml,cargo.lock,rust_loc"
pkg:gem/thrift,rubygems,thrift,rubygems.org,1986,104,65349831,total,0.24.0,2026-07-11T20:22:42.924Z,https://github.com/apache/thrift,10952,9750,358363,"",1,0,3,lib/rs/Cargo.toml;lib/rs/test_recursive/Cargo.toml;tutorial/rs/Cargo.toml,"","brief:lang,brief:cargo,cargo.toml,rust_loc"
pkg:pypi/tensorflow-tensorboard,pypi,tensorflow-tensorboard,pypi.org,1949,2,14185,last-month,1.5.1,2018-02-07T02:08:51.000Z,https://github.com/tensorflow/tensorboard,6702,6737,237026,"",0,1,1,tensorboard/data/server/Cargo.toml,tensorboard/data/server/Cargo.lock,"brief:lang,brief:cargo,cargo.toml,cargo.lock,rust_loc"
pkg:pypi/cryptg,pypi,cryptg,pypi.org,1621,33,137226,last-month,0.6.0,2026-04-12T18:33:46.000Z,https://github.com/cher-nov/cryptg,89,45,550,setuptools-rust,0,1,1,Cargo.toml,Cargo.lock,"brief:lang,brief:cargo,brief:bridge,cargo.toml,cargo.lock,rust_loc"
pkg:gem/github-linguist,rubygems,github-linguist,rubygems.org,1611,42,16343575,total,9.6.0,2026-06-08T11:04:23.490Z,https://github.com/github-linguist/linguist,13641,2158,323796,"",0,1,1,samples/TOML/Cargo.toml,samples/TOML/filenames/Cargo.lock,"brief:lang,brief:cargo,cargo.toml,cargo.lock,rust_loc"
pkg:conda/cryptography?repository_url=https://conda-forge.org,conda,cryptography,conda-forge.org,1571,175,73543319,total,38.0.3,2022-11-02T21:09:56.000Z,https://github.com/pyca/cryptography,7705,31474,329337,Maturin,0,1,9,Cargo.toml;src/rust/Cargo.toml;src/rust/cryptography-cffi/Cargo.toml;src/rust/cryptography-crypto/Cargo.toml;src/rust/cryptography-keepalive/Cargo.toml;src/rust/cryptography-key-parsing/Cargo.toml;src/rust/cryptography-openssl/Cargo.toml;src/rust/cryptography-x509-verification/Cargo.toml;src/rust/cryptography-x509/Cargo.toml,Cargo.lock,"brief:lang,brief:cargo,brief:bridge,cargo.toml,cargo.lock,rust_loc"
pkg:pypi/libcst,pypi,libcst,pypi.org,1521,191,61657182,last-month,1.9.0,2026-07-29T19:24:27.000Z,https://github.com/instagram/libcst,1394,15823,106726,setuptools-rust,0,1,3,native/Cargo.toml;native/libcst/Cargo.toml;native/libcst_derive/Cargo.toml,native/Cargo.lock,"brief:lang,brief:cargo,brief:bridge,cargo.toml,cargo.lock,rust_loc"
pkg:pypi/lief,pypi,lief,pypi.org,1504,44,1655019,last-month,1.0.0,2026-07-12T14:00:30.000Z,https://github.com/lief-project/lief,5522,178296,617394,"",0,1,9,api/rust/crates/Cargo.toml;api/rust/crates/lief-build/Cargo.toml;api/rust/crates/lief-ffi/Cargo.toml;api/rust/crates/lief-ffigen/Cargo.toml;api/rust/crates/lief/Cargo.toml;doc/code/rust/Cargo.toml;tools/Cargo.toml;tools/common/Cargo.toml;tools/lief-patchelf/Cargo.toml,api/rust/crates/Cargo.lock;doc/code/rust/Cargo.lock;tools/Cargo.lock,"brief:lang,brief:cargo,cargo.toml,cargo.lock,rust_loc"
pkg:pypi/jellyfish,pypi,jellyfish,pypi.org,1356,79,10604955,last-month,1.2.1,2025-10-11T19:34:53.000Z,https://codeberg.org/jpt/jellyfish,2037,953,3089,Maturin,0,0,1,Cargo.toml,"","brief:lang,brief:cargo,brief:bridge,cargo.toml,rust_loc"
pkg:pypi/onnxruntime-gpu,pypi,onnxruntime-gpu,pypi.org,1276,121,2938594,last-month,1.29.0,2026-08-17T22:29:22.000Z,https://github.com/microsoft/onnxruntime,13947,3938,2965901,"",1,0,3,rust/Cargo.toml;rust/onnxruntime-sys/Cargo.toml;rust/onnxruntime/Cargo.toml,"","brief:lang,brief:cargo,cargo.toml,rust_loc"
pkg:conda/nodejs?repository_url=https://conda-forge.org,conda,nodejs,conda-forge.org,1249,73,16366186,total,18.12.1,2022-11-09T20:06:43.000Z,https://github.com/nodejs/node,118281,2,12338831,"",0,1,2,deps/crates/Cargo.toml;deps/v8/third_party/ittapi/ittapi-rs/Cargo.toml,deps/crates/Cargo.lock,"brief:lang,brief:cargo,cargo.toml,cargo.lock,rust_loc"
pkg:conda/libprotobuf?repository_url=https://conda-forge.org,conda,libprotobuf,conda-forge.org,1203,97,52099771,total,3.21.9,2022-10-27T03:24:59.000Z,https://github.com/protocolbuffers/protobuf,71733,11224,1092195,"",1,0,1,rust/release_crates/Cargo.toml,"","brief:lang,brief:cargo,cargo.toml,rust_loc"
pkg:pypi/py-spy,pypi,py-spy,pypi.org,1186,18,28565058,last-month,0.4.2,2026-04-24T22:08:45.000Z,https://github.com/benfred/py-spy,15426,68759,70537,Maturin,0,1,1,Cargo.toml,Cargo.lock,"brief:lang,brief:cargo,brief:bridge,cargo.toml,cargo.lock,rust_loc"
pkg:gem/react-source,rubygems,react-source,rubygems.org,1095,10,993977,total,0.13.3,2015-05-08T23:41:05.090Z,https://github.com/react/react,247323,65038,813965,napi-rs,0,1,14,compiler/Cargo.toml;compiler/crates/react_compiler/Cargo.toml;compiler/crates/react_compiler_ast/Cargo.toml;compiler/crates/react_compiler_diagnostics/Cargo.toml;compiler/crates/react_compiler_hir/Cargo.toml;compiler/crates/react_compiler_inference/Cargo.toml;compiler/crates/react_compiler_lowering/Cargo.toml;compiler/crates/react_compiler_optimization/Cargo.toml;compiler/crates/react_compiler_reactive_scopes/Cargo.toml;compiler/crates/react_compiler_ssa/Cargo.toml;compiler/crates/react_compiler_typeinference/Cargo.toml;compiler/crates/react_compiler_utils/Cargo.toml;compiler/crates/react_compiler_validation/Cargo.toml;compiler/packages/babel-plugin-react-compiler-rust/native/Cargo.toml,compiler/Cargo.lock,"brief:lang,brief:cargo,brief:bridge,cargo.toml,cargo.lock,rust_loc"
pkg:pypi/python-bidi,pypi,python-bidi,pypi.org,1049,47,9948455,last-month,0.6.11,2026-06-30T14:22:41.000Z,https://github.com/meirkriheli/python-bidi,124,40,2807,Maturin,0,1,1,Cargo.toml,Cargo.lock,"brief:lang,brief:cargo,brief:bridge,cargo.toml,cargo.lock,rust_loc"
pkg:pypi/qiskit,pypi,qiskit,pypi.org,987,198,1289869,last-month,2.5.2,2026-08-13T19:08:56.000Z,https://github.com/qiskit/qiskit,7711,111209,689572,setuptools-rust,0,1,18,Cargo.toml;crates/accelerate/Cargo.toml;crates/bindgen-cli/Cargo.toml;crates/bindgen/Cargo.toml;crates/bindgen/pyo3-ffi/Cargo.toml;crates/cext-vtable/Cargo.toml;crates/cext/Cargo.toml;crates/circuit/Cargo.toml;crates/circuit_library/Cargo.toml;crates/providers/Cargo.toml;crates/pyext/Cargo.toml;crates/qasm2/Cargo.toml;crates/qasm3/Cargo.toml;crates/qpy/Cargo.toml;crates/quantum_info/Cargo.toml;crates/synthesis/Cargo.toml;crates/transpiler/Cargo.toml;crates/util/Cargo.toml,Cargo.lock;crates/bindgen/pyo3-ffi/Cargo.lock,"brief:lang,brief:cargo,brief:bridge,cargo.toml,cargo.lock,rust_loc"
pkg:pypi/logbook,pypi,logbook,pypi.org,981,59,5173817,last-month,1.10.1,2026-08-05T19:26:16.000Z,https://github.com/getlogbook/logbook,1506,666,11643,setuptools-rust,0,1,2,Cargo.toml;src/rust/Cargo.toml,Cargo.lock,"brief:lang,brief:cargo,brief:bridge,cargo.toml,cargo.lock,rust_loc"
pkg:pypi/y-py,pypi,y-py,pypi.org,951,25,1122669,last-month,0.6.2,2023-10-05T05:57:47.000Z,https://github.com/y-crdt/ypy,212,3302,5687,Maturin,0,0,1,Cargo.toml,"","brief:lang,brief:cargo,brief:bridge,cargo.toml,rust_loc"
pkg:pypi/polars,pypi,polars,pypi.org,947,571,77759965,last-month,1.43.2,2026-08-01T06:27:15.000Z,https://github.com/pola-rs/polars,22355,398246,671697,"",0,1,36,Cargo.toml;crates/polars-arrow/Cargo.toml;crates/polars-async/Cargo.toml;crates/polars-buffer/Cargo.toml;crates/polars-compute/Cargo.toml;crates/polars-config/Cargo.toml;crates/polars-core/Cargo.toml;crates/polars-descriptions/Cargo.toml;crates/polars-dtype/Cargo.toml;crates/polars-dylib/Cargo.toml;crates/polars-error/Cargo.toml;crates/polars-expr/Cargo.toml;crates/polars-ffi/Cargo.toml;crates/polars-io/Cargo.toml;crates/polars-json/Cargo.toml;crates/polars-lazy/Cargo.toml;crates/polars-mem-engine/Cargo.toml;crates/polars-observer/Cargo.toml;crates/polars-ooc/Cargo.toml;crates/polars-ops/Cargo.toml;crates/polars-parquet/Cargo.toml;crates/polars-plan/Cargo.toml;crates/polars-python/Cargo.toml;crates/polars-row/Cargo.toml;crates/polars-schema/Cargo.toml;crates/polars-sql/Cargo.toml;crates/polars-stream/Cargo.toml;crates/polars-testing/Cargo.toml;crates/polars-time/Cargo.toml;crates/polars-utils/Cargo.toml;crates/polars/Cargo.toml;py-polars/runtime/polars-runtime-32/Cargo.toml;py-polars/runtime/polars-runtime-64/Cargo.toml;py-polars/runtime/polars-runtime-compat/Cargo.toml;pyo3-polars/pyo3-polars-derive/Cargo.toml;pyo3-polars/pyo3-polars/Cargo.toml,Cargo.lock,"brief:lang,brief:cargo,cargo.toml,cargo.lock,rust_loc"
pkg:pypi/ltp,pypi,ltp,pypi.org,907,3,3400,last-month,4.2.14,2024-06-08T17:41:41.000Z,https://github.com/hit-scir/ltp,5256,6123,14848,"",0,0,4,Cargo.toml;python/extension/Cargo.toml;rust/ltp-cffi/Cargo.toml;rust/ltp/Cargo.toml,"","brief:lang,brief:cargo,cargo.toml,rust_loc"
pkg:gem/prometheus-client-mmap,rubygems,prometheus-client-mmap,rubygems.org,889,4,43563683,total,1.6.1,2026-08-05T16:16:22.287Z,https://gitlab.com/gitlab-org/prometheus-client-mmap,14,3304,7630,"Magnus,rb-sys",0,1,2,Cargo.toml;ext/fast_mmaped_file_rs/Cargo.toml,Cargo.lock;ext/fast_mmaped_file_rs/Cargo.lock,"brief:lang,brief:cargo,brief:bridge,cargo.toml,cargo.lock,rust_loc"
pkg:conda/tensorboard?repository_url=https://conda-forge.org,conda,tensorboard,conda-forge.org,881,20,7106263,total,2.11.0,2022-11-09T05:15:39.000Z,https://github.com/tensorflow/tensorboard,6702,6737,237026,"",0,1,1,tensorboard/data/server/Cargo.toml,tensorboard/data/server/Cargo.lock,"brief:lang,brief:cargo,cargo.toml,cargo.lock,rust_loc"
pkg:pypi/chroma-hnswlib,pypi,chroma-hnswlib,pypi.org,841,26,3320292,last-month,0.7.6,2024-07-22T20:18:26.000Z,https://github.com/chroma-core/hnswlib,22,1178,9976,"",0,1,1,Cargo.toml,Cargo.lock,"brief:lang,brief:cargo,cargo.toml,cargo.lock,rust_loc"
pkg:pypi/cbor2,pypi,cbor2,pypi.org,832,123,93257920,last-month,6.1.4,2026-08-01T20:40:24.000Z,https://github.com/agronholm/cbor2,214,3177,7883,setuptools-rust,0,1,1,rust/Cargo.toml,rust/Cargo.lock,"brief:lang,brief:cargo,brief:bridge,cargo.toml,cargo.lock,rust_loc"
pkg:gem/t,rubygems,t,rubygems.org,754,2,316674,total,5.0.0,2026-03-02T20:06:52.085Z,https://github.com/sferik/x-cli,5581,9583,33091,"",0,1,2,Cargo.toml;x-api/Cargo.toml,Cargo.lock,"brief:lang,brief:cargo,cargo.toml,cargo.lock,rust_loc"
pkg:conda/protobuf?repository_url=https://conda-forge.org,conda,protobuf,conda-forge.org,668,205,29434080,total,4.21.9,2022-10-27T16:58:46.000Z,https://github.com/protocolbuffers/protobuf,71733,11224,1092195,"",1,0,1,rust/release_crates/Cargo.toml,"","brief:lang,brief:cargo,cargo.toml,rust_loc"
pkg:pypi/pulp,pypi,pulp,pypi.org,639,115,7507921,last-month,3.3.2,2026-05-25T09:41:22.000Z,https://github.com/coin-or/pulp,2038,3355,26686,Maturin,0,1,1,pulp/rust/Cargo.toml,pulp/rust/Cargo.lock,"brief:lang,brief:cargo,brief:bridge,cargo.toml,cargo.lock,rust_loc"
pkg:pypi/anyascii,pypi,anyascii,pypi.org,637,30,4690045,last-month,0.3.3,2025-06-29T03:33:28.000Z,https://github.com/anyascii/anyascii,411,813,367862,"",1,0,1,impl/rust/Cargo.toml,"","brief:lang,brief:cargo,cargo.toml,rust_loc"
pkg:pypi/pywatchman,pypi,pywatchman,pypi.org,579,6,477854,last-month,4.0.0,2026-06-12T17:00:29.000Z,https://github.com/facebook/watchman,13674,5645,67319,"",0,0,4,watchman/cli/Cargo.toml;watchman/rust/serde_bser/Cargo.toml;watchman/rust/watchman_client/Cargo.toml;watchman/thirdparty/deelevate_binding/Cargo.toml,"","brief:lang,brief:cargo,cargo.toml,rust_loc"
pkg:pypi/dbt-core,pypi,dbt-core,pypi.org,553,139,97939745,last-month,1.12.2,2026-08-12T19:28:37.000Z,https://github.com/dbt-labs/dbt-core,13638,454902,617955,"",0,0,88,Cargo.toml;crates/adbc-record-replay/Cargo.toml;crates/dbt-adapter-core/Cargo.toml;crates/dbt-adapter-sql/Cargo.toml;crates/dbt-adapter/Cargo.toml;crates/dbt-adbc/Cargo.toml;crates/dbt-agate/Cargo.toml;crates/dbt-auth/Cargo.toml;crates/dbt-base/Cargo.toml;crates/dbt-ci/Cargo.toml;crates/dbt-clap-core/Cargo.toml;crates/dbt-classification-types/Cargo.toml;crates/dbt-cloud-api/Cargo.toml;crates/dbt-cloud-config/Cargo.toml;crates/dbt-common/Cargo.toml;crates/dbt-compilation/Cargo.toml;crates/dbt-csv/Cargo.toml;crates/dbt-dag/Cargo.toml;crates/dbt-defer/Cargo.toml;crates/dbt-deps/Cargo.toml;crates/dbt-df-providers/Cargo.toml;crates/dbt-dist/Cargo.toml;crates/dbt-docs-core/Cargo.toml;crates/dbt-docs-server/Cargo.toml;crates/dbt-env/Cargo.toml;crates/dbt-error/Cargo.toml;crates/dbt-features/Cargo.toml;crates/dbt-freshness/Cargo.toml;crates/dbt-frontend-common/Cargo.toml;crates/dbt-goldie/Cargo.toml;crates/dbt-handles/Cargo.toml;crates/dbt-ident/Cargo.toml;crates/dbt-index-core/Cargo.toml;crates/dbt-init/Cargo.toml;crates/dbt-jinja-ctx/Cargo.toml;crates/dbt-jinja-filters/Cargo.toml;crates/dbt-jinja-utils/Cargo.toml;crates/dbt-jinja-vars/Cargo.toml;crates/dbt-jinja/benchmarks/Cargo.toml;crates/dbt-jinja/fuzz/Cargo.toml;crates/dbt-jinja/minijinja-autoreload/Cargo.toml;crates/dbt-jinja/minijinja-cabi/Cargo.toml;crates/dbt-jinja/minijinja-cli/Cargo.toml;crates/dbt-jinja/minijinja-contrib/Cargo.toml;crates/dbt-jinja/minijinja-embed/Cargo.toml;crates/dbt-jinja/minijinja-py/Cargo.toml;crates/dbt-jinja/minijinja/Cargo.toml;crates/dbt-lineage-core/Cargo.toml;crates/dbt-loader/Cargo.toml;crates/dbt-login/Cargo.toml;crates/dbt-main/Cargo.toml;crates/dbt-metadata-parquet/Cargo.toml;crates/dbt-metadata/Cargo.toml;crates/dbt-metricflow/Cargo.toml;crates/dbt-parser/Cargo.toml;crates/dbt-platform-auth/Cargo.toml;crates/dbt-pretty-table/Cargo.toml;crates/dbt-proc-macros/Cargo.toml;crates/dbt-profile/Cargo.toml;crates/dbt-python/Cargo.toml;crates/dbt-sa-cli/Cargo.toml;crates/dbt-scheduler/Cargo.toml;crates/dbt-schema-store/Cargo.toml;crates/dbt-schemas/Cargo.toml;crates/dbt-selector-parser/Cargo.toml;crates/dbt-sql-keywords/Cargo.toml;crates/dbt-sql/dbt-lexer-bigquery/Cargo.toml;crates/dbt-sql/dbt-lexer-databricks/Cargo.toml;crates/dbt-sql/dbt-lexer-duckdb/Cargo.toml;crates/dbt-sql/dbt-lexer-redshift/Cargo.toml;crates/dbt-sql/dbt-lexer-snowflake/Cargo.toml;crates/dbt-sql/dbt-lexer-trino/Cargo.toml;crates/dbt-sql/dbt-sql-utils/Cargo.toml;crates/dbt-state/Cargo.toml;crates/dbt-tasks-core/Cargo.toml;crates/dbt-tasks-sa/Cargo.toml;crates/dbt-telemetry/Cargo.toml;crates/dbt-test-containers/Cargo.toml;crates/dbt-test-primitives/Cargo.toml;crates/dbt-test-utils/Cargo.toml;crates/dbt-tracing/Cargo.toml;crates/dbt-tui-progress/Cargo.toml;crates/dbt-vortex/Cargo.toml;crates/minijinja-typecheck-builtins/Cargo.toml;crates/proto-rust-macros/Cargo.toml;crates/proto-rust/Cargo.toml;crates/vortex-client/Cargo.toml;crates/vortex-events/Cargo.toml,"","brief:lang,brief:cargo,cargo.toml,rust_loc"
pkg:pypi/nh3,pypi,nh3,pypi.org,552,673,50226097,last-month,0.3.6,2026-06-22T00:46:20.000Z,https://github.com/messense/nh3,391,541,1475,Maturin,0,1,1,Cargo.toml,Cargo.lock,"brief:lang,brief:cargo,brief:bridge,cargo.toml,cargo.lock,rust_loc"
pkg:pypi/maturin,pypi,maturin,pypi.org,486,66,20949011,last-month,1.14.1,2026-06-19T05:19:09.000Z,https://github.com/pyo3/maturin,3391,30257,65886,Maturin,0,1,77,Cargo.toml;test-crates/bin-with-python-module/Cargo.toml;test-crates/bin-workspace-pyo3-feature/Cargo.toml;test-crates/bin-workspace-pyo3-feature/bin/Cargo.toml;test-crates/bin-workspace-pyo3-feature/python/Cargo.toml;test-crates/bin-workspace-pyo3-feature/shared/Cargo.toml;test-crates/cffi-mixed-implicit/Cargo.toml;test-crates/cffi-mixed-include-exclude/Cargo.toml;test-crates/cffi-mixed-py-subdir/Cargo.toml;test-crates/cffi-mixed-src/rust/Cargo.toml;test-crates/cffi-mixed-submodule/Cargo.toml;test-crates/cffi-mixed-with-path-dep/Cargo.toml;test-crates/cffi-mixed/Cargo.toml;test-crates/cffi-pure/Cargo.toml;test-crates/external-python-source/crate/Cargo.toml;test-crates/hello-world/Cargo.toml;test-crates/lib_with_disallowed_lib/Cargo.toml;test-crates/lib_with_path_dep/Cargo.toml;test-crates/license-test/Cargo.toml;test-crates/parent_workspace_sdist/Cargo.toml;test-crates/parent_workspace_sdist/crates/pysof/Cargo.toml;test-crates/parent_workspace_sdist/crates/shared_crate/Cargo.toml;test-crates/pyo3-abi3-and-abi3t/Cargo.toml;test-crates/pyo3-abi3-without-version/Cargo.toml;test-crates/pyo3-abi3t-without-version/Cargo.toml;test-crates/pyo3-abi3t/Cargo.toml;test-crates/pyo3-bin/Cargo.toml;test-crates/pyo3-cffi-build-script/Cargo.toml;test-crates/pyo3-feature/Cargo.toml;test-crates/pyo3-ffi-abi3t-py315/Cargo.toml;test-crates/pyo3-ffi-pure/Cargo.toml;test-crates/pyo3-mixed-include-exclude/Cargo.toml;test-crates/pyo3-mixed-py-subdir/Cargo.toml;test-crates/pyo3-mixed-src/rust/Cargo.toml;test-crates/pyo3-mixed-workspace/rust/Cargo.toml;test-crates/pyo3-mixed-workspace/rust/pyo3-mixed-workspace/Cargo.toml;test-crates/pyo3-mixed-workspace/rust/python/pyo3-mixed-workspace-py/Cargo.toml;test-crates/pyo3-mixed/Cargo.toml;test-crates/pyo3-no-extension-module/Cargo.toml;test-crates/pyo3-pure/Cargo.toml;test-crates/pyo3-pure/local-test/Cargo.toml;test-crates/pyo3-stub-generation-mixed-py-subdir/Cargo.toml;test-crates/pyo3-stub-generation-mixed/Cargo.toml;test-crates/pyo3-stub-generation-pure/Cargo.toml;test-crates/pyo3-workspace-abi3-feature/Cargo.toml;test-crates/pyo3-workspace-abi3-feature/abi3-user/Cargo.toml;test-crates/pyo3-workspace-abi3-feature/extension/Cargo.toml;test-crates/readme-duplication/Cargo.toml;test-crates/readme-duplication/readme-py/Cargo.toml;test-crates/readme-duplication/readme-rs/Cargo.toml;test-crates/sdist_with_path_dep/Cargo.toml;test-crates/sdist_with_target_path_dep/Cargo.toml;test-crates/some_path_dep/Cargo.toml;test-crates/transitive_path_dep/Cargo.toml;test-crates/uniffi-mixed/Cargo.toml;test-crates/uniffi-multiple-binding-files/Cargo.toml;test-crates/uniffi-multiple-binding-files/mylib/Cargo.toml;test-crates/uniffi-multiple-crates/Cargo.toml;test-crates/uniffi-multiple-crates/crates/a/Cargo.toml;test-crates/uniffi-multiple-crates/crates/b/Cargo.toml;test-crates/uniffi-multiple-crates/crates/uniffi-bindgen/Cargo.toml;test-crates/uniffi-pure-proc-macro/Cargo.toml;test-crates/uniffi-pure/Cargo.toml;test-crates/with-data/Cargo.toml;test-crates/workspace-inheritance/Cargo.toml;test-crates/workspace-inheritance/generic_lib/Cargo.toml;test-crates/workspace-inheritance/python/Cargo.toml;test-crates/workspace-inverted-order/Cargo.toml;test-crates/workspace-inverted-order/path-dep-with-root/Cargo.toml;test-crates/workspace/Cargo.toml;test-crates/workspace/py/Cargo.toml;test-crates/workspace_with_path_dep/Cargo.toml;test-crates/workspace_with_path_dep/dont_include_in_sdist/Cargo.toml;test-crates/workspace_with_path_dep/generic_lib/Cargo.toml;test-crates/workspace_with_path_dep/python/Cargo.toml;test-crates/workspace_with_path_dep/transitive_lib/Cargo.toml;test-crates/wrong-python-source/Cargo.toml,Cargo.lock;test-crates/bin-with-python-module/Cargo.lock;test-crates/bin-workspace-pyo3-feature/Cargo.lock;test-crates/cffi-mixed-implicit/Cargo.lock;test-crates/cffi-mixed-include-exclude/Cargo.lock;test-crates/cffi-mixed-py-subdir/Cargo.lock;test-crates/cffi-mixed-src/rust/Cargo.lock;test-crates/cffi-mixed-submodule/Cargo.lock;test-crates/cffi-mixed-with-path-dep/Cargo.lock;test-crates/cffi-mixed/Cargo.lock;test-crates/cffi-pure/Cargo.lock;test-crates/external-python-source/crate/Cargo.lock;test-crates/hello-world/Cargo.lock;test-crates/lib_with_disallowed_lib/Cargo.lock;test-crates/license-test/Cargo.lock;test-crates/parent_workspace_sdist/Cargo.lock;test-crates/parent_workspace_sdist/crates/pysof/Cargo.lock;test-crates/pyo3-abi3-and-abi3t/Cargo.lock;test-crates/pyo3-abi3-without-version/Cargo.lock;test-crates/pyo3-abi3t-without-version/Cargo.lock;test-crates/pyo3-abi3t/Cargo.lock;test-crates/pyo3-bin/Cargo.lock;test-crates/pyo3-cffi-build-script/Cargo.lock;test-crates/pyo3-feature/Cargo.lock;test-crates/pyo3-ffi-abi3t-py315/Cargo.lock;test-crates/pyo3-ffi-pure/Cargo.lock;test-crates/pyo3-mixed-include-exclude/Cargo.lock;test-crates/pyo3-mixed-py-subdir/Cargo.lock;test-crates/pyo3-mixed-src/rust/Cargo.lock;test-crates/pyo3-mixed-workspace/rust/Cargo.lock;test-crates/pyo3-mixed/Cargo.lock;test-crates/pyo3-no-extension-module/Cargo.lock;test-crates/pyo3-pure/Cargo.lock;test-crates/pyo3-stub-generation-mixed-py-subdir/Cargo.lock;test-crates/pyo3-stub-generation-mixed/Cargo.lock;test-crates/pyo3-stub-generation-pure/Cargo.lock;test-crates/pyo3-workspace-abi3-feature/Cargo.lock;test-crates/readme-duplication/Cargo.lock;test-crates/readme-duplication/readme-rs/Cargo.lock;test-crates/sdist_with_path_dep/Cargo.lock;test-crates/sdist_with_target_path_dep/Cargo.lock;test-crates/uniffi-mixed/Cargo.lock;test-crates/uniffi-multiple-binding-files/Cargo.lock;test-crates/uniffi-multiple-crates/Cargo.lock;test-crates/uniffi-pure-proc-macro/Cargo.lock;test-crates/uniffi-pure/Cargo.lock;test-crates/with-data/Cargo.lock;test-crates/workspace-inheritance/Cargo.lock;test-crates/workspace-inverted-order/Cargo.lock;test-crates/workspace/Cargo.lock;test-crates/workspace_with_path_dep/Cargo.lock;test-crates/wrong-python-source/Cargo.lock,"brief:lang,brief:cargo,brief:bridge,cargo.toml,cargo.lock,rust_loc"
pkg:pypi/dbt-extractor,pypi,dbt-extractor,pypi.org,480,5,24772521,last-month,0.6.0,2025-04-07T16:46:05.000Z,https://github.com/dbt-labs/dbt-extractor,30,1270,2207,Maturin,0,1,1,Cargo.toml,Cargo.lock,"brief:lang,brief:cargo,brief:bridge,cargo.toml,cargo.lock,rust_loc"
pkg:pypi/meson,pypi,meson,pypi.org,475,30,17772861,last-month,1.12.0,2026-08-10T22:10:23.000Z,https://github.com/mesonbuild/meson,6604,687,174202,"",1,1,29,test cases/failing/135 cargo toml error/subprojects/foo-0-rs/Cargo.toml;test cases/rust/22 cargo subproject/subprojects/bar-0.1-rs/Cargo.toml;test cases/rust/22 cargo subproject/subprojects/common-0-rs/Cargo.toml;test cases/rust/22 cargo subproject/subprojects/foo-0-rs/Cargo.toml;test cases/rust/22 cargo subproject/subprojects/libname-1-rs/Cargo.toml;test cases/rust/22 cargo subproject/subprojects/unixdep-0.1-rs/Cargo.toml;test cases/rust/26 cargo system deps/subprojects/sub-1-rs/Cargo.toml;test cases/rust/32 rust.workspace package/Cargo.toml;test cases/rust/32 rust.workspace package/subprojects/answer-2.1/Cargo.toml;test cases/rust/32 rust.workspace package/subprojects/hello-1.0/Cargo.toml;test cases/rust/33 cargo workspace/subprojects/foo/Cargo.toml;test cases/rust/33 cargo workspace/subprojects/foo/src/foo/Cargo.toml;test cases/rust/33 cargo workspace/subprojects/foo/src/member1/Cargo.toml;test cases/rust/33 cargo workspace/subprojects/foo/subprojects/member2-1.0/Cargo.toml;test cases/rust/34 rust.workspace workspace/Cargo.toml;test cases/rust/34 rust.workspace workspace/another/Cargo.toml;test cases/rust/34 rust.workspace workspace/more/Cargo.toml;test cases/rust/34 rust.workspace workspace/subprojects/answer-2.1/Cargo.toml;test cases/rust/34 rust.workspace workspace/subprojects/hello-1.0/Cargo.toml;test cases/rust/35 cargo multiple versions/subprojects/foo-1-rs/Cargo.toml;test cases/rust/35 cargo multiple versions/subprojects/foo-2-rs/Cargo.toml;test cases/rust/35 cargo multiple versions/subprojects/main/Cargo.toml;test cases/rust/40 cargo dep multiple version/Cargo.toml;test cases/rust/40 cargo dep multiple version/subprojects/answer-2.1/Cargo.toml;test cases/rust/40 cargo dep multiple version/subprojects/hello-3.0/Cargo.toml;test cases/rust/43 extra_members/Cargo.toml;test cases/rust/43 extra_members/gAmma/Cargo.toml;test cases/rust/43 extra_members/subdir/alpha/Cargo.toml;test cases/rust/43 extra_members/subdir/beta/Cargo.toml,test cases/rust/25 cargo lock/Cargo.lock;test cases/rust/32 rust.workspace package/Cargo.lock;test cases/rust/34 rust.workspace workspace/Cargo.lock;test cases/rust/40 cargo dep multiple version/Cargo.lock;test cases/rust/43 extra_members/Cargo.lock,"brief:lang,brief:cargo,cargo.toml,cargo.lock,rust_loc"
pkg:pypi/python-geohash,pypi,python-geohash,pypi.org,467,16,554273,last-month,0.9.2,2026-06-02T23:13:59.000Z,https://github.com/hkwi/python-geohash,,511,1541,"Maturin,setuptools-rust",0,1,1,Cargo.toml,Cargo.lock,"brief:lang,brief:cargo,brief:bridge,cargo.toml,cargo.lock,rust_loc"
pkg:conda/harfbuzz?repository_url=https://conda-forge.org,conda,harfbuzz,conda-forge.org,466,27,46958988,total,5.3.0,2022-10-10T14:22:52.000Z,https://github.com/harfbuzz/harfbuzz,5468,1925,279186,"",1,0,3,src/rust/Cargo.toml;src/wasm/rust/harfbuzz-wasm/Cargo.toml;src/wasm/sample/rust/hello-wasm/Cargo.toml,"","brief:lang,brief:cargo,cargo.toml,rust_loc"
pkg:pypi/lancedb,pypi,lancedb,pypi.org,453,72,9688636,last-month,0.37.1,2026-08-10T10:41:45.000Z,https://github.com/lancedb/lancedb,11170,65652,182663,napi-rs,0,1,4,Cargo.toml;nodejs/Cargo.toml;python/Cargo.toml;rust/lancedb/Cargo.toml,Cargo.lock,"brief:lang,brief:cargo,brief:bridge,cargo.toml,cargo.lock,rust_loc"
pkg:pypi/unicorn,pypi,unicorn,pypi.org,424,20,971880,last-month,2.1.4,2025-09-09T17:10:04.000Z,https://github.com/unicorn-engine/unicorn,,5046,194851,"",0,0,2,Cargo.toml;bindings/rust/unicorn-engine/Cargo.toml,"","brief:lang,brief:cargo,cargo.toml,rust_loc"
pkg:pypi/jishaku,pypi,jishaku,pypi.org,404,2,20785,last-month,2.7.5,2026-04-24T11:17:59.000Z,https://github.com/scarletcafe/jishaku,579,3,7149,"",0,0,1,jishaku/features/scaffolds/cargo/Cargo.toml,"","brief:lang,brief:cargo,cargo.toml,rust_loc"
pkg:pypi/momento-wire-types,pypi,momento-wire-types,pypi.org,390,1,10469,last-month,0.133.0,2026-06-17T19:53:57.000Z,https://github.com/momentohq/client-protos,8,150,4589,"",0,1,3,rust/Cargo.toml;rust/momento-protos/Cargo.toml;rust/proto_generator/Cargo.toml,rust/Cargo.lock,"brief:lang,brief:cargo,cargo.toml,cargo.lock,rust_loc"
pkg:pypi/cramjam,pypi,cramjam,pypi.org,379,18,15091151,last-month,2.11.0,2025-07-27T21:21:34.000Z,https://github.com/milesgranger/cramjam,78,2860,5983,Maturin,0,1,2,Cargo.toml;cramjam-js/Cargo.toml,Cargo.lock;cramjam-js/Cargo.lock,"brief:lang,brief:cargo,brief:bridge,cargo.toml,cargo.lock,rust_loc"
pkg:pypi/python-alipay-sdk,pypi,python-alipay-sdk,pypi.org,372,2,8030,last-month,3.4.0,2025-11-16T08:05:00.000Z,https://github.com/fzlee/alipay,1325,0,2439,setuptools-rust,0,0,0,"","",brief:bridge
pkg:hex/rustler,hex,rustler,hex.pm,366,205,5715225,total,0.38.0,2026-05-25T13:58:39.228Z,https://github.com/rusterlium/rustler,4847,19938,152120,Rustler,0,0,12,Cargo.toml;rustler/Cargo.toml;rustler/otp_headers/codegen/Cargo.toml;rustler_benchmarks/native/benchmark/Cargo.toml;rustler_codegen/Cargo.toml;rustler_tests/native/binary_example/Cargo.toml;rustler_tests/native/dynamic_load/Cargo.toml;rustler_tests/native/resource_dyncall/Cargo.toml;rustler_tests/native/rustler_bigint_test/Cargo.toml;rustler_tests/native/rustler_compile_tests/Cargo.toml;rustler_tests/native/rustler_serde_test/Cargo.toml;rustler_tests/native/rustler_test/Cargo.toml,"","brief:lang,brief:cargo,brief:bridge,cargo.toml,rust_loc"
pkg:pypi/qiskit-terra,pypi,qiskit-terra,pypi.org,350,71,120621,last-month,0.46.3,2024-09-22T08:29:24.000Z,https://github.com/qiskit/qiskit,7711,111209,689572,setuptools-rust,0,1,18,Cargo.toml;crates/accelerate/Cargo.toml;crates/bindgen-cli/Cargo.toml;crates/bindgen/Cargo.toml;crates/bindgen/pyo3-ffi/Cargo.toml;crates/cext-vtable/Cargo.toml;crates/cext/Cargo.toml;crates/circuit/Cargo.toml;crates/circuit_library/Cargo.toml;crates/providers/Cargo.toml;crates/pyext/Cargo.toml;crates/qasm2/Cargo.toml;crates/qasm3/Cargo.toml;crates/qpy/Cargo.toml;crates/quantum_info/Cargo.toml;crates/synthesis/Cargo.toml;crates/transpiler/Cargo.toml;crates/util/Cargo.toml,Cargo.lock;crates/bindgen/pyo3-ffi/Cargo.lock,"brief:lang,brief:cargo,brief:bridge,cargo.toml,cargo.lock,rust_loc"
pkg:pypi/ddtrace,pypi,ddtrace,pypi.org,343,39,44156225,last-month,4.13.1,2026-08-13T18:07:51.000Z,https://github.com/datadog/dd-trace-py,548,7489,872117,setuptools-rust,0,1,3,src/native/Cargo.toml;src/native/native_proc_macro/Cargo.toml;src/native_heap_gotter/Cargo.toml,src/native/Cargo.lock;src/native_heap_gotter/Cargo.lock,"brief:lang,brief:cargo,brief:bridge,cargo.toml,cargo.lock,rust_loc"
pkg:conda/snowballstemmer?repository_url=https://conda-forge.org,conda,snowballstemmer,conda-forge.org,335,6,,,2.2.0,2021-11-17T09:58:57.000Z,https://github.com/snowballstem/snowball,871,563,38552,"",1,0,1,rust/Cargo.toml,"","brief:lang,brief:cargo,cargo.toml,rust_loc"
pkg:pypi/lintrunner,pypi,lintrunner,pypi.org,331,3,2706556,last-month,0.13.1,2026-05-08T16:22:48.000Z,https://github.com/suo/lintrunner,31,3431,4911,Maturin,0,1,1,Cargo.toml,Cargo.lock,"brief:lang,brief:cargo,brief:bridge,cargo.toml,cargo.lock,rust_loc"
pkg:pypi/mailchecker,pypi,mailchecker,pypi.org,312,1,489991,last-month,6.0.21,2026-07-19T07:40:19.000Z,https://github.com/fgribreau/mailchecker,1573,137,117493,"",1,1,1,platform/rust/Cargo.toml,platform/rust/Cargo.lock,"brief:lang,brief:cargo,cargo.toml,cargo.lock,rust_loc"
pkg:gem/rbs,rubygems,rbs,rubygems.org,309,62,72522047,total,4.1.3,2026-08-10T08:16:58.418Z,https://github.com/ruby/rbs,2171,4707,120353,"",0,1,3,rust/Cargo.toml;rust/ruby-rbs-sys/Cargo.toml;rust/ruby-rbs/Cargo.toml,rust/Cargo.lock,"brief:lang,brief:cargo,cargo.toml,cargo.lock,rust_loc"
pkg:pypi/imgtool,pypi,imgtool,pypi.org,290,1,880136,last-month,2.4.0,2026-04-09T16:56:22.000Z,https://github.com/mcu-tools/mcuboot,2028,5371,85319,"",0,1,5,Cargo.toml;ptest/Cargo.toml;sim/Cargo.toml;sim/mcuboot-sys/Cargo.toml;sim/simflash/Cargo.toml,Cargo.lock;ptest/Cargo.lock,"brief:lang,brief:cargo,cargo.toml,cargo.lock,rust_loc"
pkg:pypi/daft,pypi,daft,pypi.org,284,4,803382,last-month,0.7.20,2026-07-15T01:33:54.000Z,https://github.com/eventual-inc/daft,,217954,433047,Maturin,0,1,75,Cargo.toml;src/common/arrow-ffi/Cargo.toml;src/common/checkpoint-config/Cargo.toml;src/common/daft-config/Cargo.toml;src/common/display/Cargo.toml;src/common/error/Cargo.toml;src/common/file-formats/Cargo.toml;src/common/hashable-float-wrapper/Cargo.toml;src/common/image/Cargo.toml;src/common/io-config/Cargo.toml;src/common/logging/Cargo.toml;src/common/macros/Cargo.toml;src/common/metrics/Cargo.toml;src/common/ndarray/Cargo.toml;src/common/partitioning/Cargo.toml;src/common/pattern/Cargo.toml;src/common/py-serde/Cargo.toml;src/common/resource-request/Cargo.toml;src/common/runtime/Cargo.toml;src/common/system-info/Cargo.toml;src/common/tracing/Cargo.toml;src/common/treenode/Cargo.toml;src/common/version/Cargo.toml;src/daft-ai/Cargo.toml;src/daft-algebra/Cargo.toml;src/daft-catalog/Cargo.toml;src/daft-checkpoint/Cargo.toml;src/daft-cli/Cargo.toml;src/daft-compression/Cargo.toml;src/daft-context/Cargo.toml;src/daft-core/Cargo.toml;src/daft-csv/Cargo.toml;src/daft-dashboard/Cargo.toml;src/daft-decoding/Cargo.toml;src/daft-distributed/Cargo.toml;src/daft-dsl/Cargo.toml;src/daft-ext-internal/Cargo.toml;src/daft-ext-macros/Cargo.toml;src/daft-ext/Cargo.toml;src/daft-file/Cargo.toml;src/daft-functions-binary/Cargo.toml;src/daft-functions-json/Cargo.toml;src/daft-functions-list/Cargo.toml;src/daft-functions-serde/Cargo.toml;src/daft-functions-temporal/Cargo.toml;src/daft-functions-tokenize/Cargo.toml;src/daft-functions-uri/Cargo.toml;src/daft-functions-utf8/Cargo.toml;src/daft-functions/Cargo.toml;src/daft-geo/Cargo.toml;src/daft-groupby/Cargo.toml;src/daft-hash/Cargo.toml;src/daft-image/Cargo.toml;src/daft-io/Cargo.toml;src/daft-json/Cargo.toml;src/daft-local-execution/Cargo.toml;src/daft-local-plan/Cargo.toml;src/daft-logical-plan/Cargo.toml;src/daft-micropartition/Cargo.toml;src/daft-minhash/Cargo.toml;src/daft-parquet/Cargo.toml;src/daft-partition-refs/Cargo.toml;src/daft-recordbatch/Cargo.toml;src/daft-runners/Cargo.toml;src/daft-scan/Cargo.toml;src/daft-schema/Cargo.toml;src/daft-session/Cargo.toml;src/daft-shuffles/Cargo.toml;src/daft-sketch/Cargo.toml;src/daft-sql/Cargo.toml;src/daft-stats/Cargo.toml;src/daft-text/Cargo.toml;src/daft-warc/Cargo.toml;src/daft-writers/Cargo.toml;src/hyperloglog/Cargo.toml,Cargo.lock,"brief:lang,brief:cargo,brief:bridge,cargo.toml,cargo.lock,rust_loc"
pkg:pypi/datefinder,pypi,datefinder,pypi.org,271,21,4455385,last-month,1.0.0,2026-03-25T21:34:21.000Z,https://github.com/akoumjian/datefinder,664,1653,17695,Maturin,0,0,2,Cargo.toml;rust/datefinder-kernel/Cargo.toml,"","brief:lang,brief:cargo,brief:bridge,cargo.toml,rust_loc"
pkg:pypi/ngrok,pypi,ngrok,pypi.org,270,9,493869,last-month,1.7.0,2025-12-16T21:59:21.000Z,https://github.com/ngrok/ngrok-python,165,2119,12453,Maturin,0,1,1,Cargo.toml,Cargo.lock,"brief:lang,brief:cargo,brief:bridge,cargo.toml,cargo.lock,rust_loc"
pkg:pypi/py-vapid,pypi,py-vapid,pypi.org,268,2,5201154,last-month,1.9.4,2026-01-05T20:42:05.000Z,https://github.com/web-push-libs/vapid,94,413,3036,"",0,0,1,rust/vapid/Cargo.toml,"","brief:lang,brief:cargo,cargo.toml,rust_loc"
pkg:gem/mutant-rspec,rubygems,mutant-rspec,rubygems.org,248,73,1822521,total,0.16.3,2026-04-30T21:30:39.219Z,https://github.com/mbj/mutant,2181,716,39898,"",0,1,2,Cargo.toml;manager/Cargo.toml,Cargo.lock,"brief:lang,brief:cargo,cargo.toml,cargo.lock,rust_loc"
pkg:gem/mutant,rubygems,mutant,rubygems.org,221,45,1908462,total,0.16.3,2026-04-30T21:30:19.256Z,https://github.com/mbj/mutant,2181,716,39898,"",0,1,2,Cargo.toml;manager/Cargo.toml,Cargo.lock,"brief:lang,brief:cargo,cargo.toml,cargo.lock,rust_loc"
pkg:gem/juwelier,rubygems,juwelier,rubygems.org,207,209,163150,total,2.4.9,2018-01-18T10:24:46.557Z,https://github.com/flajann2/juwelier,93,46,6855,"",0,0,1,lib/juwelier/templates/rust/Cargo.toml,"","brief:lang,brief:cargo,cargo.toml,rust_loc"
pkg:gem/rb_sys,rubygems,rb_sys,rubygems.org,167,44,35224061,total,0.9.128,2026-05-04T20:06:05.784Z,https://github.com/oxidize-rb/rb-sys,315,11412,25242,rb-sys,0,1,9,Cargo.toml;bench/Cargo.toml;crates/rb-sys-build/Cargo.toml;crates/rb-sys-env/Cargo.toml;crates/rb-sys-test-helpers-macros/Cargo.toml;crates/rb-sys-test-helpers/Cargo.toml;crates/rb-sys-tests/Cargo.toml;crates/rb-sys/Cargo.toml;fuzz/Cargo.toml,Cargo.lock;bench/Cargo.lock;fuzz/Cargo.lock,"brief:lang,brief:cargo,brief:bridge,cargo.toml,cargo.lock,rust_loc"
pkg:gem/rucaptcha,rubygems,rucaptcha,rubygems.org,151,2,611254,total,3.4.0,2026-02-05T03:49:13.251Z,https://github.com/huacnlee/rucaptcha,702,309,1207,"Magnus,rb-sys",0,1,2,Cargo.toml;ext/rucaptcha/Cargo.toml,Cargo.lock;ext/rucaptcha/Cargo.lock,"brief:lang,brief:cargo,brief:bridge,cargo.toml,cargo.lock,rust_loc"
pkg:hex/explorer,hex,explorer,hex.pm,150,14,981819,total,0.12.0,2026-07-08T16:28:34.739Z,https://github.com/elixir-explorer/explorer,976,6941,46235,Rustler,0,1,1,native/explorer/Cargo.toml,native/explorer/Cargo.lock,"brief:lang,brief:cargo,brief:bridge,cargo.toml,cargo.lock,rust_loc"
pkg:hex/rustler_precompiled,hex,rustler_precompiled,hex.pm,30,81,6917994,total,0.9.0,2026-03-26T19:20:06.782Z,https://github.com/philss/rustler_precompiled,202,0,3446,Rustler,0,0,0,"","",brief:bridge
pkg:hex/html5ever,hex,html5ever,hex.pm,18,7,265169,total,0.18.0,2026-04-16T21:51:07.587Z,https://github.com/rusterlium/html5ever_elixir,87,588,2187,Rustler,0,1,1,native/html5ever_nif/Cargo.toml,native/html5ever_nif/Cargo.lock,"brief:lang,brief:cargo,brief:bridge,cargo.toml,cargo.lock,rust_loc"
pkg:hex/ex_keccak,hex,ex_keccak,hex.pm,17,21,1242346,total,0.7.8,2025-08-01T14:16:21.990Z,https://github.com/exweb3/ex_keccak,24,16,615,Rustler,0,1,1,native/exkeccak/Cargo.toml,native/exkeccak/Cargo.lock,"brief:lang,brief:cargo,brief:bridge,cargo.toml,cargo.lock,rust_loc"
pkg:hex/ockam,hex,ockam,hex.pm,17,0,238,total,0.0.0,2021-02-03T01:00:26.598Z,https://github.com/build-trust/ockam,4631,136592,187995,Rustler,0,1,22,Cargo.toml;implementations/rust/ockam/ockam/Cargo.toml;implementations/rust/ockam/ockam_abac/Cargo.toml;implementations/rust/ockam/ockam_api/Cargo.toml;implementations/rust/ockam/ockam_command/Cargo.toml;implementations/rust/ockam/ockam_core/Cargo.toml;implementations/rust/ockam/ockam_executor/Cargo.toml;implementations/rust/ockam/ockam_identity/Cargo.toml;implementations/rust/ockam/ockam_macros/Cargo.toml;implementations/rust/ockam/ockam_multiaddr/Cargo.toml;implementations/rust/ockam/ockam_node/Cargo.toml;implementations/rust/ockam/ockam_rust_elixir_nifs/Cargo.toml;implementations/rust/ockam/ockam_transport_ble/Cargo.toml;implementations/rust/ockam/ockam_transport_core/Cargo.toml;implementations/rust/ockam/ockam_transport_tcp/Cargo.toml;implementations/rust/ockam/ockam_transport_udp/Cargo.toml;implementations/rust/ockam/ockam_transport_uds/Cargo.toml;implementations/rust/ockam/ockam_transport_websocket/Cargo.toml;implementations/rust/ockam/ockam_vault/Cargo.toml;implementations/rust/ockam/ockam_vault_aws/Cargo.toml;tools/stress-test/Cargo.toml;tools/tcp-test/Cargo.toml,Cargo.lock,"brief:lang,brief:cargo,brief:bridge,cargo.toml,cargo.lock,rust_loc"
pkg:hex/ockam_vault_software,hex,ockam_vault_software,hex.pm,17,0,235,total,0.62.0,2022-06-27T16:27:14.581Z,https://github.com/build-trust/ockam,4631,136592,187995,Rustler,0,1,22,Cargo.toml;implementations/rust/ockam/ockam/Cargo.toml;implementations/rust/ockam/ockam_abac/Cargo.toml;implementations/rust/ockam/ockam_api/Cargo.toml;implementations/rust/ockam/ockam_command/Cargo.toml;implementations/rust/ockam/ockam_core/Cargo.toml;implementations/rust/ockam/ockam_executor/Cargo.toml;implementations/rust/ockam/ockam_identity/Cargo.toml;implementations/rust/ockam/ockam_macros/Cargo.toml;implementations/rust/ockam/ockam_multiaddr/Cargo.toml;implementations/rust/ockam/ockam_node/Cargo.toml;implementations/rust/ockam/ockam_rust_elixir_nifs/Cargo.toml;implementations/rust/ockam/ockam_transport_ble/Cargo.toml;implementations/rust/ockam/ockam_transport_core/Cargo.toml;implementations/rust/ockam/ockam_transport_tcp/Cargo.toml;implementations/rust/ockam/ockam_transport_udp/Cargo.toml;implementations/rust/ockam/ockam_transport_uds/Cargo.toml;implementations/rust/ockam/ockam_transport_websocket/Cargo.toml;implementations/rust/ockam/ockam_vault/Cargo.toml;implementations/rust/ockam/ockam_vault_aws/Cargo.toml;tools/stress-test/Cargo.toml;tools/tcp-test/Cargo.toml,Cargo.lock,"brief:lang,brief:cargo,brief:bridge,cargo.toml,cargo.lock,rust_loc"
pkg:hex/rambo,hex,rambo,hex.pm,14,11,654448,total,0.3.4,2021-03-17T15:25:45.113Z,https://github.com/jayjun/rambo,199,233,970,"",0,1,1,priv/Cargo.toml,priv/Cargo.lock,"brief:lang,brief:cargo,cargo.toml,cargo.lock,rust_loc"
pkg:hex/livebook,hex,livebook,hex.pm,13,2,153940,total,0.19.9,2026-08-05T15:54:09.027Z,https://github.com/livebook-dev/livebook,5844,616,103677,"",0,1,1,rel/app/src-tauri/Cargo.toml,rel/app/src-tauri/Cargo.lock,"brief:lang,brief:cargo,cargo.toml,cargo.lock,rust_loc"
pkg:hex/meeseeks_html5ever,hex,meeseeks_html5ever,hex.pm,12,1,315906,total,0.15.0,2025-06-01T19:04:07.551Z,https://github.com/mischov/meeseeks_html5ever,10,591,1484,Rustler,0,0,1,native/meeseeks_html5ever_nif/Cargo.toml,"","brief:lang,brief:cargo,brief:bridge,cargo.toml,rust_loc"
pkg:hex/ex_secp256k1,hex,ex_secp256k1,hex.pm,11,14,365744,total,0.8.0,2026-02-02T10:15:27.623Z,https://github.com/ayrat555/ex_secp256k1,17,409,1465,Rustler,0,1,1,native/ex_secp256k1/Cargo.toml,native/ex_secp256k1/Cargo.lock,"brief:lang,brief:cargo,brief:bridge,cargo.toml,cargo.lock,rust_loc"
pkg:hex/wireguardex,hex,wireguardex,hex.pm,7,0,15439,total,0.4.0,2023-10-24T12:38:36.020Z,https://github.com/firezone/wireguardex,87,248,1534,Rustler,0,1,1,native/wireguard_nif/Cargo.toml,native/wireguard_nif/Cargo.lock,"brief:lang,brief:cargo,brief:bridge,cargo.toml,cargo.lock,rust_loc"
pkg:hex/mjml,hex,mjml,hex.pm,6,1,1459382,total,6.0.0,2026-05-16T09:45:29.899Z,https://github.com/adoptoposs/mjml_nif,136,115,1160,Rustler,0,1,1,native/mjml_nif/Cargo.toml,native/mjml_nif/Cargo.lock,"brief:lang,brief:cargo,brief:bridge,cargo.toml,cargo.lock,rust_loc"
pkg:hex/fast_rss,hex,fast_rss,hex.pm,6,0,84504,total,0.5.0,2023-09-08T16:36:54.644Z,https://github.com/avencera/fast_rss,105,35,3318,Rustler,0,1,1,native/fastrss/Cargo.toml,native/fastrss/Cargo.lock,"brief:lang,brief:cargo,brief:bridge,cargo.toml,cargo.lock,rust_loc"
pkg:hex/wasmex,hex,wasmex,hex.pm,6,0,67932,total,0.15.1,2026-08-07T13:43:40.715Z,https://github.com/tessi/wasmex,693,8943,17127,Rustler,0,1,1,native/wasmex/Cargo.toml,native/wasmex/Cargo.lock,"brief:lang,brief:cargo,brief:bridge,cargo.toml,cargo.lock,rust_loc"
pkg:hex/image,hex,image,hex.pm,5,5,1320159,total,0.72.0,2026-07-21T19:25:48.869Z,https://github.com/elixir-image/image,364,0,40102,Rustler,0,0,0,"","",brief:bridge
pkg:hex/ash_authentication_phoenix,hex,ash_authentication_phoenix,hex.pm,3,0,719057,total,2.17.2,2026-07-20T01:41:00.320Z,https://github.com/team-alembic/ash_authentication_phoenix,82,0,24487,Rustler,0,0,0,"","",brief:bridge
pkg:hex/rox,hex,rox,hex.pm,3,0,11032,total,2.3.0,2019-04-26T18:28:17.052Z,https://github.com/urbint/rox,61,707,1865,Rustler,0,1,1,native/rox_nif/Cargo.toml,native/rox_nif/Cargo.lock,"brief:lang,brief:cargo,brief:bridge,cargo.toml,cargo.lock,rust_loc"
pkg:hex/erbloom,hex,erbloom,hex.pm,3,0,894,total,2.1.0-rc.2,2020-06-06T18:38:27.318Z,https://github.com/vonmo/erbloom,58,591,1260,Rustler,0,1,1,crates/bloom/Cargo.toml,crates/bloom/Cargo.lock,"brief:lang,brief:cargo,brief:bridge,cargo.toml,cargo.lock,rust_loc"
pkg:hex/loqui,hex,loqui,hex.pm,2,0,840421,total,0.4.5,2018-06-28T21:18:30.487Z,https://github.com/discord/loqui,221,2541,53081,"",1,1,8,rust/Cargo.toml;rust/bench/client/Cargo.toml;rust/bench/common/Cargo.toml;rust/bench/server/Cargo.toml;rust/loqui_client/Cargo.toml;rust/loqui_connection/Cargo.toml;rust/loqui_protocol/Cargo.toml;rust/loqui_server/Cargo.toml,rust/Cargo.lock;rust/loqui_client/Cargo.lock;rust/loqui_protocol/Cargo.lock;rust/loqui_server/Cargo.lock,"brief:lang,brief:cargo,cargo.toml,cargo.lock,rust_loc"
pkg:hex/ex_pbkdf2,hex,ex_pbkdf2,hex.pm,2,2,46401,total,0.8.5,2025-07-30T12:28:28.459Z,https://github.com/ayrat555/ex_pbkdf2,4,64,694,Rustler,0,1,1,native/ex_pbkdf2/Cargo.toml,native/ex_pbkdf2/Cargo.lock,"brief:lang,brief:cargo,brief:bridge,cargo.toml,cargo.lock,rust_loc"
pkg:hex/dagger,hex,dagger,hex.pm,2,0,18353,total,0.21.8,2026-07-29T17:09:20.761Z,https://github.com/dagger/dagger,16176,19615,1500275,"",1,1,4,sdk/rust/Cargo.toml;sdk/rust/crates/dagger-bootstrap/Cargo.toml;sdk/rust/crates/dagger-codegen/Cargo.toml;sdk/rust/crates/dagger-sdk/Cargo.toml,sdk/rust/Cargo.lock;sdk/rust/crates/dagger-codegen/Cargo.lock,"brief:lang,brief:cargo,cargo.toml,cargo.lock,rust_loc"
pkg:hex/ex_robo_cop,hex,ex_robo_cop,hex.pm,2,0,5063,total,0.1.6,2024-12-20T23:25:02.478Z,https://github.com/corneliakelinske/ex_robo_cop,7,12,637,Rustler,0,1,1,native/rustcaptcha/Cargo.toml,native/rustcaptcha/Cargo.lock,"brief:lang,brief:cargo,brief:bridge,cargo.toml,cargo.lock,rust_loc"
pkg:hex/xxh3,hex,xxh3,hex.pm,2,1,3867,total,0.3.6,2024-11-19T13:22:04.275Z,https://github.com/farhadi/xxh3,26,65,414,"",0,1,1,native/xxh3/Cargo.toml,native/xxh3/Cargo.lock,"brief:lang,brief:cargo,cargo.toml,cargo.lock,rust_loc"
pkg:hex/gauc,hex,gauc,hex.pm,2,0,3845,total,0.17.1,2018-03-31T23:07:58.740Z,https://github.com/korczis/gauc.ex,3,275,827,Rustler,0,1,2,Cargo.toml;native/gauc/Cargo.toml,Cargo.lock;native/gauc/Cargo.lock,"brief:lang,brief:cargo,brief:bridge,cargo.toml,cargo.lock,rust_loc"
pkg:hex/jsonrs,hex,jsonrs,hex.pm,1,1,317794,total,0.3.4,2024-12-20T19:09:02.365Z,https://github.com/benhaney/jsonrs,135,54,711,Rustler,0,1,1,native/jsonrs/Cargo.toml,native/jsonrs/Cargo.lock,"brief:lang,brief:cargo,brief:bridge,cargo.toml,cargo.lock,rust_loc"
pkg:hex/sorted_set_nif,hex,sorted_set_nif,hex.pm,1,0,307628,total,2.0.1,2025-12-04T21:59:25.141Z,https://github.com/discord/sorted_set_nif,1598,1227,3595,Rustler,0,0,1,native/sorted_set_nif/Cargo.toml,"","brief:lang,brief:cargo,brief:bridge,cargo.toml,rust_loc"
pkg:hex/ex_base58,hex,ex_base58,hex.pm,1,1,154099,total,0.6.5,2025-07-15T09:08:44.278Z,https://github.com/ayrat555/ex_base58,2,126,730,Rustler,0,1,1,native/ex_base58/Cargo.toml,native/ex_base58/Cargo.lock,"brief:lang,brief:cargo,brief:bridge,cargo.toml,cargo.lock,rust_loc"
pkg:hex/multihash,hex,multihash,hex.pm,1,1,101341,total,2.1.0,2021-09-14T21:11:17.872Z,https://github.com/helium/erlang-multihash,14,57,456,"",0,1,1,Cargo.toml,Cargo.lock,"brief:lang,brief:cargo,cargo.toml,cargo.lock,rust_loc"
pkg:hex/nimble_lz4,hex,nimble_lz4,hex.pm,1,1,31886,total,1.2.0,2026-06-29T18:40:38.233Z,https://github.com/whatyouhide/nimble_lz4,31,219,1228,Rustler,0,1,1,native/nimblelz4/Cargo.toml,native/nimblelz4/Cargo.lock,"brief:lang,brief:cargo,brief:bridge,cargo.toml,cargo.lock,rust_loc"
pkg:hex/evil_crc32c,hex,evil_crc32c,hex.pm,1,1,31740,total,0.2.10,2026-04-22T14:39:41.119Z,https://github.com/ayrat555/evil_crc32c,1,48,473,Rustler,0,1,1,native/evil_crc32c/Cargo.toml,native/evil_crc32c/Cargo.lock,"brief:lang,brief:cargo,brief:bridge,cargo.toml,cargo.lock,rust_loc"
pkg:hex/ex_bech32,hex,ex_bech32,hex.pm,1,2,31485,total,0.6.4,2026-03-13T13:40:04.658Z,https://github.com/ayrat555/ex_bech32,1,63,503,Rustler,0,1,1,native/ex_bech32/Cargo.toml,native/ex_bech32/Cargo.lock,"brief:lang,brief:cargo,brief:bridge,cargo.toml,cargo.lock,rust_loc"
pkg:hex/cafezinho,hex,cafezinho,hex.pm,1,1,30811,total,0.4.5,2026-04-22T14:06:07.164Z,https://github.com/ayrat555/cafezinho,4,98,1665,Rustler,0,1,1,native/cafezinho/Cargo.toml,native/cafezinho/Cargo.lock,"brief:lang,brief:cargo,brief:bridge,cargo.toml,cargo.lock,rust_loc"
pkg:hex/resvg,hex,resvg,hex.pm,1,0,30242,total,0.6.0,2026-07-15T21:37:03.138Z,https://github.com/mrdotb/resvg_nif,30,691,1906,Rustler,0,1,1,native/resvg/Cargo.toml,native/resvg/Cargo.lock,"brief:lang,brief:cargo,brief:bridge,cargo.toml,cargo.lock,rust_loc"
pkg:hex/excoding,hex,excoding,hex.pm,1,0,26636,total,0.1.5,2023-04-30T22:33:26.882Z,https://github.com/elixir-ecto/excoding,3,44,300,Rustler,0,1,1,native/excoding/Cargo.toml,native/excoding/Cargo.lock,"brief:lang,brief:cargo,brief:bridge,cargo.toml,cargo.lock,rust_loc"
pkg:hex/qrusty,hex,qrusty,hex.pm,1,0,24612,total,0.1.6,2022-11-29T12:51:04.493Z,https://github.com/nbw/qrusty,31,89,995,Rustler,0,1,1,native/qrusty/Cargo.toml,native/qrusty/Cargo.lock,"brief:lang,brief:cargo,brief:bridge,cargo.toml,cargo.lock,rust_loc"
pkg:hex/tds_encoding,hex,tds_encoding,hex.pm,1,0,17656,total,1.1.1,2021-10-12T10:26:26.725Z,https://github.com/mjaric/tds-encoding,2,44,276,Rustler,0,1,1,native/tds_encoding/Cargo.toml,native/tds_encoding/Cargo.lock,"brief:lang,brief:cargo,brief:bridge,cargo.toml,cargo.lock,rust_loc"
pkg:hex/blake3,hex,blake3,hex.pm,1,1,13275,total,1.0.2,2023-11-12T22:58:11.513Z,https://github.com/thomas-jean/blake3,16,117,766,Rustler,0,1,1,native/blake3/Cargo.toml,native/blake3/Cargo.lock,"brief:lang,brief:cargo,brief:bridge,cargo.toml,cargo.lock,rust_loc"
pkg:hex/rhai_rustler,hex,rhai_rustler,hex.pm,1,0,11897,total,1.2.0,2025-02-25T09:00:39.354Z,https://github.com/rhaiscript/rhai_rustler,10,1205,4674,Rustler,0,1,2,native/rhai_rustler/Cargo.toml;native/test_dylib_module/Cargo.toml,native/rhai_rustler/Cargo.lock;native/test_dylib_module/Cargo.lock,"brief:lang,brief:cargo,brief:bridge,cargo.toml,cargo.lock,rust_loc"
pkg:hex/phoenix_webcomponent,hex,phoenix_webcomponent,hex.pm,1,0,11125,total,3.2.4,2023-03-11T09:09:37.027Z,https://github.com/duskmoon-dev/phoenix-duskmoon-ui,81,6503,409182,Rustler,0,1,8,apps/duskmoon_oxc/Cargo.toml;apps/duskmoon_oxc/native/oxc_ex_nif/Cargo.toml;apps/duskmoon_oxc/native/oxc_fmt_nif/Cargo.toml;apps/duskmoon_oxc/native/oxc_lint_nif/Cargo.toml;apps/duskmoon_oxide/Cargo.toml;apps/duskmoon_oxide/native/oxide_ex_nif/Cargo.toml;apps/duskmoon_vize/Cargo.toml;apps/duskmoon_vize/native/vize_ex_nif/Cargo.toml,apps/duskmoon_oxc/Cargo.lock;apps/duskmoon_oxc/native/oxc_fmt_nif/Cargo.lock;apps/duskmoon_oxc/native/oxc_lint_nif/Cargo.lock;apps/duskmoon_oxide/Cargo.lock;apps/duskmoon_vize/Cargo.lock,"brief:lang,brief:cargo,brief:bridge,cargo.toml,cargo.lock,rust_loc"
pkg:hex/value,hex,value,hex.pm,1,1,6821,total,0.1.5,2023-03-27T13:44:38.319Z,https://github.com/team-softaliza/value,3,159,779,Rustler,0,1,1,native/value/Cargo.toml,native/value/Cargo.lock,"brief:lang,brief:cargo,brief:bridge,cargo.toml,cargo.lock,rust_loc"
pkg:hex/extism,hex,extism,hex.pm,1,0,5467,total,1.0.0,2024-01-08T20:24:11.655Z,https://github.com/extism/extism,5707,6872,9321,"",0,0,8,Cargo.toml;convert-macros/Cargo.toml;convert/Cargo.toml;extism-maturin/Cargo.toml;kernel/Cargo.toml;libextism/Cargo.toml;manifest/Cargo.toml;runtime/Cargo.toml,"","brief:lang,brief:cargo,cargo.toml,rust_loc"
pkg:hex/bridge_lmdb,hex,bridge_lmdb,hex.pm,1,1,2934,total,0.1.5,2021-08-05T18:45:06.505Z,https://github.com/ironbay/bridge_lmdb,3,381,534,Rustler,0,1,1,native/bridge_lmdb/Cargo.toml,native/bridge_lmdb/Cargo.lock,"brief:lang,brief:cargo,brief:bridge,cargo.toml,cargo.lock,rust_loc"
pkg:hex/erqwest,hex,erqwest,hex.pm,1,1,2359,total,0.2.5,2023-07-02T08:49:01.887Z,https://github.com/dlesl/erqwest,35,971,2588,"",0,1,1,native/Cargo.toml,native/Cargo.lock,"brief:lang,brief:cargo,cargo.toml,cargo.lock,rust_loc"
pkg:hex/lacca,hex,lacca,hex.pm,1,0,2171,total,0.2.3,2025-08-06T00:36:02.681Z,https://github.com/drbawb/shellac,0,308,946,"",0,1,1,resin/Cargo.toml,resin/Cargo.lock,"brief:lang,brief:cargo,cargo.toml,cargo.lock,rust_loc"
pkg:hex/k256,hex,k256,hex.pm,1,3,2114,total,0.0.8,2023-09-21T13:37:10.377Z,https://github.com/roosoft/k256,0,148,667,Rustler,0,1,1,native/k256_rs/Cargo.toml,native/k256_rs/Cargo.lock,"brief:lang,brief:cargo,brief:bridge,cargo.toml,cargo.lock,rust_loc"
pkg:hex/netcdf,hex,netcdf,hex.pm,1,0,1031,total,0.2.2,2023-06-29T17:36:11.092Z,https://github.com/dockyard/netcdf,8,395,929,Rustler,0,1,1,native/ex_netcdf/Cargo.toml,native/ex_netcdf/Cargo.lock,"brief:lang,brief:cargo,brief:bridge,cargo.toml,cargo.lock,rust_loc"
pkg:hex/imago,hex,imago,hex.pm,1,0,1016,total,0.2.15,2019-06-17T13:26:59.133Z,https://github.com/lucassifoni/imago,7,297,716,Rustler,0,1,1,native/imago/Cargo.toml,native/imago/Cargo.lock,"brief:lang,brief:cargo,brief:bridge,cargo.toml,cargo.lock,rust_loc"
pkg:hex/imageflow,hex,imageflow,hex.pm,1,2,917,total,0.4.1,2020-12-19T01:03:23.489Z,https://github.com/naps62/imageflow_ex,38,204,1827,Rustler,0,1,1,native/imageflow_ex/Cargo.toml,native/imageflow_ex/Cargo.lock,"brief:lang,brief:cargo,brief:bridge,cargo.toml,cargo.lock,rust_loc"
pkg:hex/pdf_to_text,hex,pdf_to_text,hex.pm,1,0,642,total,0.0.1,2022-05-18T18:06:01.733Z,https://github.com/remoteoss/pdf_to_text,7,28,809,Rustler,0,1,1,native/pdf_to_text/Cargo.toml,native/pdf_to_text/Cargo.lock,"brief:lang,brief:cargo,brief:bridge,cargo.toml,cargo.lock,rust_loc"
pkg:hex/rustler_elixir_fun,hex,rustler_elixir_fun,hex.pm,1,1,610,total,0.3.0,2022-05-27T12:19:34.036Z,https://github.com/qqwy/elixir-rustler_elixir_fun,25,269,796,Rustler,0,1,3,native/rustler_elixir_fun_nif/Cargo.toml;native/rustler_elixir_fun_nif/rustler_elixir_fun/Cargo.toml;native/rustler_elixir_fun_nif/rustler_stored_term/Cargo.toml,native/rustler_elixir_fun_nif/Cargo.lock;native/rustler_elixir_fun_nif/rustler_elixir_fun/Cargo.lock;native/rustler_elixir_fun_nif/rustler_stored_term/Cargo.lock,"brief:lang,brief:cargo,brief:bridge,cargo.toml,cargo.lock,rust_loc"
pkg:hex/ex_jack,hex,ex_jack,hex.pm,1,0,431,total,0.1.0,2022-04-04T23:47:56.550Z,https://github.com/dulltools/ex_jack,6,220,1091,Rustler,0,1,1,native/ex_jack/Cargo.toml,native/ex_jack/Cargo.lock,"brief:lang,brief:cargo,brief:bridge,cargo.toml,cargo.lock,rust_loc"
pkg:hex/tree_magic,hex,tree_magic,hex.pm,1,0,405,total,0.1.1,2020-05-04T08:47:41.314Z,https://github.com/bonfire-networks/tree_magic.ex,3,46,298,Rustler,0,1,1,native/tree_magic_nif/Cargo.toml,native/tree_magic_nif/Cargo.lock,"brief:lang,brief:cargo,brief:bridge,cargo.toml,cargo.lock,rust_loc"
pkg:nuget/google.protobuf,nuget,google.protobuf,nuget.org,0,986,1345961857,total,3.35.1,2026-06-11T21:52:19.123Z,https://github.com/protocolbuffers/protobuf,71733,11224,1092195,"",1,0,1,rust/release_crates/Cargo.toml,"","brief:lang,brief:cargo,cargo.toml,rust_loc"
